{"type":"FeatureCollection","crs":{"type":"name","properties":{"name":"EPSG:4326"}},"features":[{"type":"Feature","id":1,"geometry":{"type":"MultiPolygon","coordinates":[[[[26.0894235690799,44.4343157695954],[26.089366459584,44.4340587881312],[26.0891130475373,44.4340873408991],[26.0890202515684,44.4339766949171],[26.088292131098,44.4344728144075],[26.0883563822004,44.434526352461],[26.0887097309242,44.4343300475219],[26.0887739721451,44.4343871527785],[26.089141598692,44.4342479553303],[26.089234403644,44.4343514640844],[26.0894235690799,44.4343157695954]]],[[[26.0160046570658,44.4732278096087],[26.0166348144579,44.4729450206647],[26.0167399299225,44.4730245315762],[26.0175212522173,44.4726360105347],[26.0166737519338,44.4719638893586],[26.0167363160001,44.471922980618],[26.0157612064373,44.4712670163244],[26.0148124354786,44.4704648012187],[26.0146935281794,44.4705270713317],[26.0147492282186,44.4705775711151],[26.0130285241565,44.4714921425358],[26.0150151969163,44.4730899431586],[26.0157107211183,44.4728101778908],[26.0160046570658,44.4732278096087]]],[[[26.0786684129839,44.4344959948865],[26.0751308905142,44.4358667762839],[26.074808522888,44.4356780453662],[26.0703189730667,44.4379776897565],[26.0700107044988,44.4381707215501],[26.0702322029968,44.4383415544633],[26.0683829194747,44.439333818382],[26.0666340092111,44.4403760224545],[26.0670266241942,44.4407686346655],[26.0706689108873,44.4387050557978],[26.0709631082445,44.4388927468586],[26.0711026381677,44.4387770249864],[26.07143814096,44.4389840435841],[26.0737536330465,44.4374823479066],[26.0746811238144,44.4381099306378],[26.0727351402453,44.4395015063751],[26.0727708303116,44.4397870453148],[26.072399637453,44.4400154735378],[26.0728065239711,44.4403224243398],[26.0726146294533,44.4405187091484],[26.0713011658455,44.4426364267227],[26.0714677278722,44.4427696812997],[26.0712105222401,44.4431481087621],[26.0705502236753,44.443735835394],[26.069904203832,44.444135588766],[26.0702284013265,44.4446085032661],[26.0698804074601,44.4447512694094],[26.0696781508756,44.4442902534846],[26.06954728161,44.4443675818423],[26.0661611567067,44.4468984125731],[26.0657734016093,44.4473637848006],[26.0655698128232,44.4473264443418],[26.0652991504281,44.4475227485857],[26.0652488860947,44.4474849747093],[26.0650918408201,44.4475991889539],[26.0649844921436,44.4478755665189],[26.0646708929729,44.4476720264069],[26.0644505991158,44.4478246841226],[26.0640560527548,44.4479290384231],[26.062293591405,44.4472993768871],[26.0600806950088,44.4467568611854],[26.0597570913008,44.4477181652547],[26.0613370500191,44.4480750818011],[26.061065789346,44.4486747073346],[26.0625097000112,44.4490477751749],[26.0628481178366,44.4483115662292],[26.0630232991985,44.4482021855186],[26.0633450838181,44.4481090210006],[26.0635785038582,44.4482416410409],[26.0636689219864,44.4485176622156],[26.0640496306988,44.4489935546338],[26.0647515778551,44.4494492204433],[26.0656248382276,44.4499167841018],[26.0655772499754,44.4499643710956],[26.0660769360556,44.4501309339257],[26.0664576492595,44.4501880442604],[26.0669097407993,44.4501785258752],[26.0675807544688,44.4500547944211],[26.0679860833081,44.4504035711759],[26.0661457353282,44.4514950148282],[26.0610489279681,44.4550570704856],[26.0560455346178,44.4584392529896],[26.0551313281363,44.4572524174146],[26.0541711135392,44.4577346197643],[26.0542030019352,44.4577930294035],[26.0539918699956,44.4578352714573],[26.0540271315654,44.4578786381216],[26.0537655646126,44.4579953230458],[26.0536806271059,44.4582934298056],[26.0533463819549,44.4584588904163],[26.05326873787,44.4583547024015],[26.0528898841787,44.4585480355435],[26.0526221916139,44.4583017638878],[26.0511313367886,44.4590626962282],[26.0510608720394,44.4589806304525],[26.0501471955639,44.459419969184],[26.049818389712,44.459583873053],[26.0498800626496,44.4596566596544],[26.0495042461622,44.4598549203252],[26.0494669669763,44.4598255716409],[26.0489742392463,44.4600603010743],[26.0489192488762,44.4600014910527],[26.0477956217458,44.4605511063645],[26.0478464771706,44.460628624135],[26.0472206523532,44.4609217812131],[26.0471495390204,44.4608509420907],[26.046030587621,44.4614499100732],[26.0458317994318,44.4615764954887],[26.0460070921848,44.4617530078121],[26.0460989997198,44.4616875514668],[26.0468771311987,44.462524978484],[26.045987621201,44.4630312155701],[26.0453198791958,44.4623954914162],[26.0445828474378,44.4627436559177],[26.044307191308,44.4624545490696],[26.0436017443154,44.4627811],[26.0436582726013,44.4628392449325],[26.04277756789,44.4632417423764],[26.0420780039641,44.4636367301337],[26.0415686708762,44.4640071026581],[26.0415213575085,44.4639532563149],[26.0410606825661,44.4640171053988],[26.0386844589766,44.4652140515482],[26.0374510047178,44.4659212274986],[26.0358606417119,44.4667308000084],[26.0286636962867,44.4689425494413],[26.0284277492857,44.4685565353723],[26.0282822141249,44.4686062823229],[26.0293151132082,44.4703104192841],[26.0295292077916,44.4708533347911],[26.0293137271077,44.4709067824509],[26.0292669706955,44.4708512975533],[26.0287380417579,44.4709817703787],[26.0276518357473,44.4700268789929],[26.0272835471421,44.4693375864509],[26.0259185570678,44.4697967712561],[26.0256680456812,44.4698207339096],[26.0255886346101,44.4697379018085],[26.0250868141328,44.4698950424329],[26.0244639681289,44.4701794917345],[26.0240440686156,44.4704677115777],[26.0240140226643,44.4704374585807],[26.0227842568881,44.4708511533184],[26.0234843553115,44.4715998545981],[26.0215481220566,44.472610229809],[26.0207732442756,44.471731461022],[26.0201267007145,44.4721346195951],[26.0209582918343,44.4729358950888],[26.0205280616952,44.4731626943314],[26.0211268804603,44.4737876950476],[26.0203091126161,44.4743234880419],[26.0192949838306,44.4748933632049],[26.0188155870995,44.474927271434],[26.0182991124049,44.4742065453758],[26.0111526451122,44.4765094265087],[26.00516222964,44.4786611854051],[26.0051169482615,44.4763170733014],[26.0038423502645,44.4769072479861],[26.0039823311419,44.4790603183459],[26.0026953723265,44.4793621286316],[26.0016800820194,44.4795222750301],[26.000510531215,44.4796281372383],[25.9987009469403,44.4796348056568],[25.9931653826325,44.4791582015308],[25.9920214652548,44.47900230943],[25.9904276060057,44.4785370444824],[25.9891319577866,44.4779244236212],[25.9882269671216,44.4773542735968],[25.9863119637518,44.4757322577375],[25.9829513878335,44.4727354243627],[25.9799039960642,44.4701696682621],[25.9795765763128,44.4704152199606],[25.9798034117018,44.470721557151],[25.9802188465881,44.4719468077818],[25.9803905218254,44.4770087768108],[25.9805900879557,44.4780283196834],[25.9807461082526,44.4780157785572],[25.981024883333,44.4788480584015],[25.9815906369091,44.4799258483116],[25.9832764036931,44.4821003973357],[25.9838439206621,44.4830733244146],[25.9865327516823,44.489840329497],[25.9870501947607,44.4909074548919],[25.9877972247678,44.4920805554508],[25.9875373825803,44.492102109759],[25.9874231186728,44.4919790848944],[25.9871514887921,44.4919616701872],[25.9861417698364,44.4913423841549],[25.9860676022316,44.4913872722208],[25.9879079439232,44.4926741912265],[25.987722396003,44.4926580365483],[25.9874067881992,44.4927208654691],[25.9867139041459,44.4928982460901],[25.9864314890919,44.4930316301175],[25.9835551841635,44.4950104604426],[25.9836958172178,44.4955370640226],[25.9842842325935,44.4965697147478],[25.9829145101944,44.4969974438903],[25.9831981316858,44.4979690620681],[25.9832518976522,44.4980247576146],[25.9839642598759,44.4982385983395],[25.9867467061285,44.4988997255332],[25.9876843981648,44.4996183653315],[25.9902675819177,44.4984064260253],[25.9912774949095,44.4978209130524],[25.9929894017701,44.4966924338971],[25.9933585464698,44.496258351256],[25.9937143296279,44.4964660836616],[25.9947677659953,44.4958417263544],[25.9952453696892,44.4960988710629],[25.9953875110149,44.4964588840525],[25.9958473083032,44.4971230442572],[25.9965440865533,44.4976299333947],[25.9974039961641,44.4981553747171],[25.9937720068591,44.5006009992563],[25.9895990125641,44.5032260019967],[25.9821400061126,44.5082060037994],[25.9791520055601,44.5094920000549],[25.9766030125852,44.5110350012891],[25.9713430109824,44.5146250020194],[25.9706610100186,44.5151629994664],[25.9703740081668,44.5155790020429],[25.9701940082418,44.516103999114],[25.9768810088263,44.5196430010166],[25.9786040098806,44.5184909971343],[25.9802560089931,44.5196170002339],[25.9863050071982,44.5155470025907],[25.9859921356629,44.5151592547693],[25.9868138551959,44.5146502062479],[25.9880500987236,44.5155377325083],[25.9933648472532,44.5145441494557],[25.993319247871,44.5144998204932],[25.994185619962,44.5143077738399],[25.9975469396853,44.5169309455496],[25.9975580096246,44.5179500071279],[25.997311014244,44.521730001561],[26.0016890094767,44.5202950023654],[26.0031960097226,44.521460001948],[26.0036900058737,44.5215499974746],[26.0051170048554,44.5212040015721],[26.0055300062056,44.5212680012912],[26.0060060126948,44.5214790013781],[26.0068310065871,44.5225160038575],[26.0071190109588,44.5225860008294],[26.0115110064352,44.5188020010546],[26.0218796911262,44.5228063976484],[26.022518919706,44.5229601539022],[26.0227103102689,44.5235555529404],[26.0231689720866,44.5243616025021],[26.0235712044332,44.5248173133482],[26.0238116304341,44.5254721355866],[26.0241879688427,44.5258294528152],[26.0245333441199,44.5260387430648],[26.0292638616263,44.5276656956258],[26.0289437667378,44.5280024580602],[26.0286684088487,44.5278463391652],[26.0284838185325,44.5281056699693],[26.0283255272946,44.5280936141587],[26.0267729591076,44.5299752042966],[26.0324156529029,44.5322253071941],[26.0327731410635,44.5317388215406],[26.0368225262771,44.5333481465881],[26.0368620656243,44.5332884005903],[26.0397290487351,44.5342746842174],[26.03967513275,44.5343558641533],[26.0432973995887,44.5355894618781],[26.0440110868274,44.5338932372178],[26.0442165162615,44.5325237013485],[26.0446616153151,44.5314965460812],[26.0450724750817,44.5309829699792],[26.0459284365968,44.5306063472303],[26.0468528730928,44.5302982048312],[26.047811552469,44.5297846284085],[26.0482135377789,44.5295076447872],[26.0491780346449,44.5297973005707],[26.0487053546171,44.5308798124782],[26.0487058909114,44.5309979767173],[26.0494458035665,44.531288843732],[26.0501243316433,44.5300521757967],[26.0501877536007,44.5300680697194],[26.0502020107626,44.5306960001093],[26.0536542444843,44.5315161704482],[26.0561044308627,44.5315510985392],[26.0559770093313,44.5320680046851],[26.0553570091902,44.5329369999542],[26.0547950132669,44.5334800023899],[26.0542010076752,44.5343729998129],[26.0537588281463,44.534826600534],[26.0586224472317,44.5372346175372],[26.0591380074412,44.536668004353],[26.0599038616451,44.537170842822],[26.0603670069545,44.5364790037883],[26.0615310088654,44.5372579986151],[26.0620290088077,44.5372800004475],[26.0634420093423,44.5382420008422],[26.0643490122335,44.5379100000287],[26.065232011242,44.5384650033577],[26.0686050081658,44.5399380008661],[26.0702840070425,44.5402790014315],[26.0708625274754,44.5401463785993],[26.0718033932596,44.5405871044668],[26.0729758411308,44.5413567252174],[26.0735871698344,44.5410644320202],[26.076206420946,44.5409771865238],[26.0766531450519,44.5406999456007],[26.0773529039122,44.5392709528894],[26.0776525378735,44.5370907694345],[26.0804019027675,44.5374175294798],[26.0822387302498,44.5378483275431],[26.0823414930267,44.5379322884721],[26.08255285224,44.5379019084681],[26.0828601299661,44.5379547574734],[26.0829258390341,44.5380464076786],[26.0830589729525,44.5379740703962],[26.0835703119786,44.5380619735041],[26.0835916325935,44.5381904173383],[26.083669964788,44.5382074142043],[26.0839129285296,44.5380903281397],[26.0858455164211,44.5383300841109],[26.0879120242569,44.5383321721371],[26.0969010206391,44.5393020204927],[26.0967423018031,44.5398780663423],[26.0967094171755,44.5404427703508],[26.0976057929969,44.5405371672748],[26.0976675746305,44.5412043416045],[26.1005679597985,44.5413735508476],[26.1006539492324,44.5413084937236],[26.1008470052718,44.5406699172721],[26.1016119548723,44.5406516104782],[26.101694749897,44.5404498940966],[26.1017503699862,44.5395520986965],[26.1044324375906,44.5395181416008],[26.1042904310122,44.5391004159689],[26.103689862329,44.5338104493532],[26.1031057346121,44.5298044864566],[26.1036112687248,44.5286969735197],[26.1048659950895,44.5265196091445],[26.1044664082814,44.520517194201],[26.1042820802733,44.5198299355037],[26.1044882912417,44.5196166306607],[26.1049317616497,44.5188481355633],[26.1048633486526,44.5185497533352],[26.1061820557268,44.5183823493762],[26.1061118550823,44.5175463023787],[26.1057064418013,44.5175538625648],[26.1054907437252,44.5155131307838],[26.1047758743035,44.5155528476357],[26.1048702243578,44.5166062445584],[26.1044104234763,44.5166181285192],[26.1041959318376,44.5155205509525],[26.1043583732921,44.5153685141717],[26.1042331508364,44.5151952905828],[26.1040044469516,44.5152000121266],[26.1036380789444,44.5132379487368],[26.1029124459091,44.5102342029433],[26.1028439601484,44.5096972631375],[26.1028846807802,44.5085554023933],[26.1039960773481,44.5048841938479],[26.1086873546462,44.5058946640728],[26.1097116577506,44.5033305327664],[26.1141281646579,44.5042542252969],[26.1144565294369,44.5036260432125],[26.1151418128447,44.5032262947913],[26.1164981081253,44.503112084938],[26.1181399320206,44.5032976776779],[26.1191250281544,44.5031691940571],[26.120024464536,44.5025410118133],[26.1208667932184,44.5016701317789],[26.1216091897153,44.4997142162354],[26.1214949752151,44.4988576086678],[26.1208667941167,44.497843956899],[26.1199530817086,44.497215780071],[26.117340435011,44.496530493084],[26.1164695497841,44.4960450870079],[26.1157557107301,44.4957309955171],[26.1148134480656,44.4955882284285],[26.1135428179272,44.4949600503676],[26.1126576548772,44.4939321213171],[26.1123435688195,44.4934181621723],[26.1118296049162,44.4929041952938],[26.111374466291,44.4926829478163],[26.1117285902609,44.4920182654035],[26.1106109072827,44.4913823885434],[26.1105993145239,44.4907063897036],[26.1113835392754,44.4902426920057],[26.1117137581772,44.4899381100054],[26.1146981214512,44.4877282944608],[26.114670888125,44.4876915162138],[26.1148189861794,44.4875863325678],[26.114789242062,44.4873599514736],[26.1148655925729,44.4873532922693],[26.1148467432233,44.4872826729975],[26.1151503306702,44.487240409315],[26.1151373257599,44.4871967587711],[26.1150019981556,44.4871567181866],[26.1136984510502,44.486230068884],[26.1121002439551,44.4853644581226],[26.1116683519328,44.4857711915478],[26.1098497854037,44.4846589834785],[26.1073254116575,44.4832476535325],[26.1057093002405,44.4847466844027],[26.1056520685738,44.4848462288486],[26.1056544077867,44.4849239130311],[26.1057327265065,44.4849623695888],[26.1056262968066,44.4858933611162],[26.1027111334539,44.4858284169878],[26.1026652789502,44.4856425180581],[26.1028056514931,44.484928659458],[26.1029338428808,44.4849301591392],[26.1037606459801,44.4806748055536],[26.1035629573288,44.4807122765896],[26.1035002899563,44.481116363358],[26.1024818276978,44.4806150273346],[26.1026812977084,44.4804619470776],[26.1024911602953,44.4803613363185],[26.1031612873276,44.4798823384298],[26.1024029996333,44.4796541430408],[26.1028164204968,44.4790410987007],[26.1031207050363,44.4791298611561],[26.1030797517409,44.4792073824573],[26.1032093831279,44.479241628525],[26.1032605556581,44.4791638226863],[26.1033931308243,44.4792003544157],[26.1043387558829,44.4776580995819],[26.1038009974044,44.4774962937206],[26.1042673101734,44.4766588302175],[26.1038390724977,44.4765492686462],[26.1055356262517,44.4738252839654],[26.1058190132828,44.472848541152],[26.1058306779068,44.4725696221622],[26.1056478330172,44.4720919923717],[26.1058480567143,44.4720788204777],[26.1058132892178,44.4720105103007],[26.1060348326315,44.4719980768565],[26.1059333679201,44.4718264596715],[26.1062959549183,44.4716976163216],[26.1061714448266,44.4715025952838],[26.1054128157726,44.4717276987913],[26.1053756695372,44.471666067148],[26.105599133549,44.4715951058047],[26.1053230830588,44.4711233534368],[26.1050844249424,44.4711964827107],[26.105050116485,44.4711243393578],[26.1052813266695,44.4710519965518],[26.1051653397932,44.4708537905734],[26.105265688797,44.4708201210101],[26.1051032671054,44.4705543280275],[26.1047632556687,44.4706631694207],[26.104721768774,44.4705773461076],[26.1049625109819,44.4705071591084],[26.1048598613927,44.4703317399608],[26.1047358866969,44.4703695452151],[26.1040208951045,44.4691175913316],[26.1038263415735,44.4691716893361],[26.1037716126131,44.4690879671589],[26.1039708239088,44.4690310509595],[26.1030976973853,44.4676798005948],[26.1032473495251,44.467628328351],[26.1032071921369,44.467570031765],[26.1030805880724,44.4676141143364],[26.102988616757,44.4674831403504],[26.1027398436104,44.467575342472],[26.1026795208407,44.4674863713986],[26.1030971251584,44.4673466021155],[26.1029859173195,44.4671851382097],[26.1033871192985,44.4670446424961],[26.1032394479438,44.466806877382],[26.102439679643,44.4669468543874],[26.1024112991683,44.4668720728345],[26.10257537376,44.4668429584694],[26.1025096152845,44.4664867925861],[26.1023071826302,44.4665250061417],[26.1022925481759,44.4664480289481],[26.1025281592069,44.4664134105904],[26.1024508861262,44.4659402668289],[26.1021111531672,44.4659768562012],[26.1020736907249,44.4657927929562],[26.1024561089312,44.4657559470285],[26.101802672597,44.4623384173826],[26.1014983620063,44.4623705704201],[26.1014899690465,44.4623102823383],[26.101780853417,44.4622809605337],[26.1015325707506,44.4610241790391],[26.1012248366803,44.4610272245108],[26.1012197297579,44.4609261243838],[26.1015512772681,44.4608960818689],[26.101386440905,44.4600067332026],[26.1010034549634,44.4600445060332],[26.100991148044,44.4599568064503],[26.101313529145,44.4599246488776],[26.1010815535959,44.4587215236134],[26.100851775326,44.4587499514814],[26.1007496880822,44.4584499542884],[26.1007494617067,44.4582716770633],[26.1010159622071,44.458238364434],[26.1010587121332,44.4565002119618],[26.1018419756873,44.4563934851362],[26.1021079587581,44.453831999473],[26.1022164482949,44.4534729757403],[26.1012005695912,44.4534761344632],[26.1012112703229,44.4532639065092],[26.1009737072528,44.4532267673235],[26.101132047898,44.4532211430286],[26.1011277449678,44.4531683434982],[26.1013923419381,44.4531691713367],[26.101386324124,44.4528194011412],[26.1011276650177,44.4527302511158],[26.1010505347691,44.4526357959425],[26.1012989665559,44.4526522476977],[26.1015220406988,44.4519622055735],[26.1015934280178,44.4516736962131],[26.1014093964538,44.4516487712819],[26.1014223205158,44.4514612205965],[26.1018105490254,44.4515130815884],[26.1019027583943,44.4512305234626],[26.1030219352708,44.4514688701502],[26.1033393513832,44.4502608893867],[26.1036767666888,44.4502826611449],[26.1037492346811,44.44977370225],[26.1039032867691,44.4497820221576],[26.1039185150098,44.4496221237675],[26.1036291685551,44.4495897604247],[26.1036025263204,44.4495326546352],[26.1030523279718,44.4494691065031],[26.1030657155645,44.4493983336464],[26.1028401126641,44.4493993507158],[26.1029093278567,44.4491411729049],[26.1032947437412,44.449124698357],[26.1033988423129,44.4486547543104],[26.1033720716191,44.4480509665715],[26.1034256121084,44.4478219445023],[26.1033006869951,44.4477922024265],[26.1032559086731,44.4476877132088],[26.1031754304034,44.4476778134848],[26.1032001897693,44.447577081437],[26.1032610155955,44.4475809734841],[26.1035087592728,44.4465616022693],[26.1034453939093,44.446566699407],[26.1034805521728,44.4463897923018],[26.1041616054139,44.4463299462586],[26.104120209249,44.4460414687186],[26.1042316515482,44.4451093571897],[26.1039609909497,44.4449368496746],[26.1040175066592,44.4448952069119],[26.1039126840453,44.4447432777879],[26.1040673523777,44.4446790311659],[26.1041387361034,44.4445671963277],[26.1038984098155,44.4442293150187],[26.103658406921,44.4441093093195],[26.1033728729163,44.4442056715079],[26.1032967999849,44.4440792575112],[26.1033694745896,44.4440512323164],[26.1032266855786,44.4438305967707],[26.1033740245566,44.4437757056744],[26.1032635802856,44.4434630233596],[26.1033215898934,44.4434513015001],[26.1031259260448,44.4430011975051],[26.1027660690268,44.4430866662873],[26.1026982947318,44.4431634716154],[26.10197439275,44.4427614424864],[26.1012686807544,44.4426067807752],[26.1012240731123,44.4416074026207],[26.1011169912355,44.4416133519235],[26.101120018558,44.4412941180001],[26.1007299817398,44.4412932130291],[26.1007340008023,44.4410630920924],[26.1002422046253,44.4410597313077],[26.1001024105974,44.4410121389835],[26.100026466125,44.4406886565126],[26.1004584210294,44.4406265463443],[26.1004976783056,44.4405159011994],[26.1007296763126,44.4405658695867],[26.1009259797617,44.4398092032424],[26.1009723840343,44.439698557191],[26.1010651782066,44.4397092625653],[26.1011901024216,44.4393487768799],[26.1009509637064,44.4393059454859],[26.1010901666428,44.4392131464833],[26.1012507800257,44.4392238564362],[26.1011115815809,44.438927613077],[26.1012650551539,44.4388776445714],[26.101204381143,44.4387741361378],[26.1014006836938,44.4387098938551],[26.1014328101433,44.4387812774431],[26.1016719452652,44.4386991844493],[26.1017397536961,44.4387812774431],[26.1018254170416,44.4387384456331],[26.1023036899804,44.4377569151787],[26.1025285508724,44.4378175935706],[26.1027712541026,44.4373535974511],[26.1027319914365,44.4372108273409],[26.1025678126402,44.4370609269126],[26.1027034348919,44.4367682523425],[26.1028890358127,44.4368217876516],[26.1029461471053,44.436564806945],[26.1034743286445,44.43587600451],[26.1028984106311,44.4357982229683],[26.1027176318667,44.4359208845722],[26.1024801029325,44.4359451164176],[26.102268868585,44.4358968855552],[26.1021979618647,44.4359889246025],[26.1021079228254,44.4359839112104],[26.1022097441679,44.4356713539657],[26.1021300761787,44.43552152207],[26.101825762893,44.4353963464921],[26.1016651486118,44.435862716685],[26.0995414818728,44.4353481594356],[26.0995712268885,44.435018008012],[26.0990979081585,44.4349520335651],[26.0990477471314,44.4352559545303],[26.0985183124423,44.4351518559743],[26.0985516255663,44.4350456738449],[26.0984302748495,44.4349385973577],[26.0982125519707,44.4349064715509],[26.0974920833499,44.4349464761443],[26.0975097496183,44.4351383614421],[26.0966745589492,44.435191902093],[26.0955574032821,44.435163348582],[26.0955609722887,44.4353632260733],[26.095204318663,44.4353858834308],[26.0952281150349,44.4351033242648],[26.0950228841284,44.435076558395],[26.0950288327723,44.4348148143796],[26.0947076095997,44.4348177900183],[26.09471057943,44.4349129654759],[26.094383405817,44.4350408681975],[26.0942986443801,44.4349157461122],[26.0938810499439,44.4350799285039],[26.0938846216454,44.434972851438],[26.0935275565913,44.4349544639743],[26.0935400970727,44.4347586062744],[26.0918747337237,44.4347163064773],[26.0916629487089,44.4347597583012],[26.0915658578947,44.4347106714197],[26.0906667125673,44.4346908848907],[26.0906289033753,44.4352537595401],[26.090545847839,44.4353268028918],[26.0903142783285,44.4353301550262],[26.0900598736434,44.435201360701],[26.0895532597557,44.4350772363937],[26.0898541163242,44.434724108321],[26.0896820718793,44.4347149870336],[26.0894719487478,44.4350856661558],[26.0892363835308,44.4350000073495],[26.0892078296812,44.435121359533],[26.0889829651959,44.4350785288889],[26.0888437676494,44.435324805466],[26.088529203688,44.4352040014908],[26.0883793045115,44.4348863432012],[26.0882401015751,44.4347435798915],[26.0880402300177,44.4348256745941],[26.0881758585576,44.4350433884043],[26.0879081677894,44.4351361863321],[26.0879402942389,44.4352325549819],[26.0877761064595,44.4352825272461],[26.0877439889931,44.435371753292],[26.0876012179484,44.4354217209472],[26.0872978380123,44.4351183454236],[26.0876564867963,44.4348589146252],[26.0874746246636,44.4347919643686],[26.0873586809065,44.4348688421792],[26.0872665092668,44.4348139734521],[26.0869333816201,44.4348050458935],[26.0869393320605,44.4350400182932],[26.0864902076561,44.4352333510029],[26.0863295942732,44.435138171577],[26.0860856989786,44.435123304368],[26.0852586353679,44.4354272738327],[26.0852110480141,44.4353172269216],[26.0848600798258,44.435225021326],[26.0848660284696,44.4350882043209],[26.0844377279118,44.4350138463655],[26.0843247009845,44.4352696350513],[26.0842086988369,44.4352369205892],[26.0841492150937,44.4353915844909],[26.0837687309602,44.4352787831924],[26.0832828555792,44.4362834439617],[26.0829180461491,44.436228558603],[26.082355198623,44.4362576497481],[26.0823384683991,44.4361193650138],[26.0824135226411,44.4360935707277],[26.0823731307927,44.4360243165991],[26.0819781298842,44.4361234059935],[26.0813267102677,44.436048171243],[26.0813260176666,44.4360103302943],[26.0811428987908,44.4360252755316],[26.0811237152679,44.4357852179958],[26.0803619097711,44.4358364681543],[26.0803227207668,44.4365593349866],[26.0801463482388,44.4365698921265],[26.0801233657406,44.4364320032469],[26.0796676998043,44.4364498501685],[26.0796754899944,44.4365209805906],[26.0787884853981,44.4366318789646],[26.0786857639437,44.4354526405772],[26.0788520394078,44.4353399561376],[26.0787715162223,44.4346665903054],[26.0786684129839,44.4344959948865]]],[[[26.04993545277,44.4599329833681],[26.0514207551085,44.461553153927],[26.051041980469,44.4617982065191],[26.0495317938988,44.4601289618471],[26.04993545277,44.4599329833681]]]]},"properties":{"OBJECTID":1,"ID":"01","NAME":"Municipiul Bucureşti","TOTPOP_CY":217701,"AREA":77.79,"Shape__Area":152892450.72070313,"Shape__Length":88210.753653931752}},{"type":"Feature","id":2,"geometry":{"type":"Polygon","coordinates":[[[26.1389851073216,44.4317722744242],[26.1391316809349,44.4314220175172],[26.1386481780046,44.4313154225553],[26.1383940005933,44.4319264234134],[26.1383428091985,44.4319156409196],[26.1383151240198,44.4319825919056],[26.1378636532158,44.4319072434153],[26.1378115877603,44.4321051845423],[26.137595749547,44.4320555816137],[26.1375600558875,44.4321983495655],[26.1374090544781,44.4321667046368],[26.1373565668144,44.4323564161511],[26.1372074985795,44.4323318274449],[26.1372372489851,44.4322578521459],[26.1370133699516,44.4322132566482],[26.1368440285374,44.4321917424404],[26.1368086376102,44.4322884392454],[26.1361509926688,44.432127729623],[26.1360059632594,44.4323804640907],[26.1348098636451,44.4319966542265],[26.1347915128605,44.432046540735],[26.1345589983223,44.4320320415848],[26.1344115686145,44.4324959337056],[26.133141402905,44.4322913855053],[26.1332024721746,44.4319954116979],[26.1322065782911,44.4318384211681],[26.1322283390806,44.431577133492],[26.1314965992979,44.4316742110667],[26.1315489656891,44.4319305544891],[26.1309577107387,44.4320125800158],[26.1309077428493,44.4317984253521],[26.1304061550357,44.4318714781544],[26.1304807816797,44.4321227755562],[26.130142625264,44.4321026879432],[26.1300323211303,44.4322133650564],[26.1291257063112,44.4322327957681],[26.1290665127239,44.4323602720072],[26.128988353006,44.4323329076752],[26.1288144957608,44.432488140545],[26.1274760464117,44.4327415476311],[26.1272940171924,44.4332804999788],[26.1264675833007,44.4331394345345],[26.1265135509921,44.4329127453714],[26.1255663691531,44.4327853922151],[26.1255520949233,44.4329210214952],[26.1249488968712,44.43286391224],[26.1247905059204,44.4337234836978],[26.1238327212661,44.433326831725],[26.1235799649895,44.4337849045883],[26.1231097858715,44.4336554615563],[26.123206865906,44.4334936594478],[26.1224682800625,44.4332937839008],[26.1225036727864,44.4330999277588],[26.1222002560194,44.4330754073601],[26.1221941807131,44.4331558943468],[26.1220146577935,44.4331467914168],[26.1220003826653,44.433250300197],[26.1217683855567,44.4332538724702],[26.1217648452961,44.4334500508091],[26.1210631730243,44.433301762335],[26.1209590708593,44.4325998214608],[26.1208163043062,44.4326146893118],[26.1209455080952,44.4334904925883],[26.1204422494151,44.4335333192648],[26.1204540892106,44.4336065514297],[26.1201721242125,44.4336386728195],[26.1201471357763,44.4334637805034],[26.1199365580973,44.4334816264072],[26.119925852874,44.433417381513],[26.1177557809641,44.4335315950371],[26.1178114190195,44.4338746165742],[26.1170213228794,44.4337953089227],[26.117000505321,44.4336138774636],[26.1163283040787,44.4335811575843],[26.1162182577615,44.4334145943908],[26.1160224977931,44.4334109817157],[26.1161810612205,44.4335973266939],[26.1158891949914,44.4335862571373],[26.1158728779926,44.4334780541479],[26.1154687636755,44.433457624464],[26.1154327241646,44.4339167373747],[26.1149540272211,44.4338752644388],[26.1150411512272,44.433454514692],[26.1146125497338,44.4333510550242],[26.1146363452074,44.433291573442],[26.1143166482725,44.4332767064047],[26.1139463016269,44.4339370001213],[26.1135923546252,44.4342136148712],[26.1131194347473,44.4344604807315],[26.1128785146729,44.4345288893675],[26.1132919436212,44.4351326815247],[26.1134852808332,44.435091039471],[26.1135678701438,44.4352288288852],[26.1130678786365,44.4353009915786],[26.1126748755811,44.4346970818524],[26.1122248322002,44.4347488993572],[26.1120551817655,44.4350347796751],[26.111695288815,44.4349633960002],[26.1116566208335,44.4350645250388],[26.1113086269672,44.4349931407588],[26.111373953353,44.4348535784921],[26.1102647666407,44.4345180451338],[26.1102047897225,44.4345995583653],[26.1100591117295,44.4345580230526],[26.1100164480417,44.4344704166919],[26.1100802302235,44.4343685322862],[26.1087042420753,44.4338325695102],[26.1087716965699,44.4337214278452],[26.1085633565943,44.4336426555986],[26.1083147002287,44.4337593850959],[26.1080112160881,44.4340175763656],[26.1080456188685,44.4340807795303],[26.1073346400504,44.4346906565377],[26.1067049964947,44.4353382550547],[26.1068523902699,44.43539223298],[26.106519222199,44.4359817245861],[26.1060482929877,44.4358858645413],[26.105896327686,44.436067935504],[26.1056742363,44.4361916221797],[26.1056468484636,44.4362951082483],[26.1050445415404,44.4361967067522],[26.1044186682139,44.4364041430779],[26.1041127029265,44.4362829173529],[26.1038065912136,44.4360065734587],[26.103750912734,44.4360392425901],[26.1037146118134,44.4358702175459],[26.1034743286445,44.43587600451],[26.1029461471053,44.436564806945],[26.1028890358127,44.4368217876516],[26.1027034348919,44.4367682523425],[26.1025678126402,44.4370609269126],[26.1027319914365,44.4372108273409],[26.1027712541026,44.4373535974511],[26.1025285508724,44.4378175935706],[26.1023036899804,44.4377569151787],[26.1018254170416,44.4387384456331],[26.1017397536961,44.4387812774431],[26.1016719452652,44.4386991844493],[26.1014328101433,44.4387812774431],[26.1014006836938,44.4387098938551],[26.101204381143,44.4387741361378],[26.1012650551539,44.4388776445714],[26.1011115815809,44.438927613077],[26.1012507800257,44.4392238564362],[26.1010901666428,44.4392131464833],[26.1009509637064,44.4393059454859],[26.1011901024216,44.4393487768799],[26.1010651782066,44.4397092625653],[26.1009723840343,44.439698557191],[26.1009259797617,44.4398092032424],[26.1007296763126,44.4405658695867],[26.1004976783056,44.4405159011994],[26.1004584210294,44.4406265463443],[26.100026466125,44.4406886565126],[26.1001024105974,44.4410121389835],[26.1002422046253,44.4410597313077],[26.1007340008023,44.4410630920924],[26.1007299817398,44.4412932130291],[26.101120018558,44.4412941180001],[26.1011169912355,44.4416133519235],[26.1012240731123,44.4416074026207],[26.1012686807544,44.4426067807752],[26.10197439275,44.4427614424864],[26.1026982947318,44.4431634716154],[26.1027660690268,44.4430866662873],[26.1031259260448,44.4430011975051],[26.1033215898934,44.4434513015001],[26.1032635802856,44.4434630233596],[26.1033740245566,44.4437757056744],[26.1032266855786,44.4438305967707],[26.1033694745896,44.4440512323164],[26.1032967999849,44.4440792575112],[26.1033728729163,44.4442056715079],[26.103658406921,44.4441093093195],[26.1038603392137,44.4442055188698],[26.1041387361034,44.4445671963277],[26.1040673523777,44.4446790311659],[26.1039126840453,44.4447432777879],[26.1040175066592,44.4448952069119],[26.1039609909497,44.4449368496746],[26.1042316515482,44.4451093571897],[26.1041849023225,44.4451555775861],[26.1042280025915,44.4453890281883],[26.104120209249,44.4460414687186],[26.1041616054139,44.4463299462586],[26.1034805521728,44.4463897923018],[26.1034453939093,44.446566699407],[26.1035087592728,44.4465616022693],[26.1032610155955,44.4475809734841],[26.1032001897693,44.447577081437],[26.1031754304034,44.4476778134848],[26.1032559086731,44.4476877132088],[26.1033006869951,44.4477922024265],[26.1034256121084,44.4478219445023],[26.1033720716191,44.4480509665715],[26.1033988423129,44.4486547543104],[26.1032947437412,44.449124698357],[26.1029093278567,44.4491411729049],[26.1028401126641,44.4493993507158],[26.1030657155645,44.4493983336464],[26.1030523279718,44.4494691065031],[26.1036025263204,44.4495326546352],[26.1036291685551,44.4495897604247],[26.1039185150098,44.4496221237675],[26.1039032867691,44.4497820221576],[26.1037492346811,44.44977370225],[26.1036767666888,44.4502826611449],[26.1033393513832,44.4502608893867],[26.1030219352708,44.4514688701502],[26.1019027583943,44.4512305234626],[26.1018105490254,44.4515130815884],[26.1014223205158,44.4514612205965],[26.1014093964538,44.4516487712819],[26.1015934280178,44.4516736962131],[26.1015220406988,44.4519622055735],[26.1012989665559,44.4526522476977],[26.1010551431265,44.4526177468432],[26.1011276650177,44.4527302511158],[26.101386324124,44.4528194011412],[26.1013923419381,44.4531691713367],[26.1011277449678,44.4531683434982],[26.101132047898,44.4532211430286],[26.1009737072528,44.4532267673235],[26.1012112703229,44.4532639065092],[26.1012005695912,44.4534761344632],[26.1022164482949,44.4534729757403],[26.1021079587581,44.453831999473],[26.1018419756873,44.4563934851362],[26.1010587121332,44.4565002119618],[26.1010159622071,44.458238364434],[26.1007494617067,44.4582716770633],[26.1007496880822,44.4584499542884],[26.100851775326,44.4587499514814],[26.1010815535959,44.4587215236134],[26.101313529145,44.4599246488776],[26.100991148044,44.4599568064503],[26.1010034549634,44.4600445060332],[26.101386440905,44.4600067332026],[26.1015512772681,44.4608960818689],[26.1012197297579,44.4609261243838],[26.1012248366803,44.4610272245108],[26.1015325707506,44.4610241790391],[26.101780853417,44.4622809605337],[26.1014899690465,44.4623102823383],[26.1014983620063,44.4623705704201],[26.101802672597,44.4623384173826],[26.1024561089312,44.4657559470285],[26.1020736907249,44.4657927929562],[26.1021111531672,44.4659768562012],[26.1024508861262,44.4659402668289],[26.1025281592069,44.4664134105904],[26.1022925481759,44.4664480289481],[26.1023071826302,44.4665250061417],[26.1025096152845,44.4664867925861],[26.10257537376,44.4668429584694],[26.1024112991683,44.4668720728345],[26.102439679643,44.4669468543874],[26.1032394479438,44.466806877382],[26.1033871192985,44.4670446424961],[26.1029859173195,44.4671851382097],[26.1030971251584,44.4673466021155],[26.1026795208407,44.4674863713986],[26.1027398436104,44.467575342472],[26.102988616757,44.4674831403504],[26.1030805880724,44.4676141143364],[26.1032071921369,44.467570031765],[26.1032473495251,44.467628328351],[26.1030976973853,44.4676798005948],[26.1039708239088,44.4690310509595],[26.1037716126131,44.4690879671589],[26.1038263415735,44.4691716893361],[26.1040208951045,44.4691175913316],[26.1047358866969,44.4703695452151],[26.1048598613927,44.4703317399608],[26.1049625109819,44.4705071591084],[26.104721768774,44.4705773461076],[26.1047632556687,44.4706631694207],[26.1051032671054,44.4705543280275],[26.105265688797,44.4708201210101],[26.1051653397932,44.4708537905734],[26.1052813266695,44.4710519965518],[26.105050116485,44.4711243393578],[26.1050844249424,44.4711964827107],[26.1053230830588,44.4711233534368],[26.105599133549,44.4715951058047],[26.1053756695372,44.471666067148],[26.1054128157726,44.4717276987913],[26.1061714448266,44.4715025952838],[26.1062959549183,44.4716976163216],[26.1059333679201,44.4718264596715],[26.1060348326315,44.4719980768565],[26.1058132892178,44.4720105103007],[26.1058480567143,44.4720788204777],[26.1056478330172,44.4720919923717],[26.1058306779068,44.4725696221622],[26.1058190132828,44.472848541152],[26.1055356262517,44.4738252839654],[26.1038390724977,44.4765492686462],[26.1042673101734,44.4766588302175],[26.1038009974044,44.4774962937206],[26.1043387558829,44.4776580995819],[26.1033931308243,44.4792003544157],[26.1032605556581,44.4791638226863],[26.1032093831279,44.479241628525],[26.1030797517409,44.4792073824573],[26.1031207050363,44.4791298611561],[26.1028164204968,44.4790410987007],[26.1024029996333,44.4796541430408],[26.1031612873276,44.4798823384298],[26.1024911602953,44.4803613363185],[26.1026812977084,44.4804619470776],[26.1024818276978,44.4806150273346],[26.1035002899563,44.481116363358],[26.1035629573288,44.4807122765896],[26.1037606459801,44.4806748055536],[26.1029338428808,44.4849301591392],[26.1028056514931,44.484928659458],[26.1026652789502,44.4856425180581],[26.1027111334539,44.4858284169878],[26.1056262968066,44.4858933611162],[26.1057327265065,44.4849623695888],[26.1056544077867,44.4849239130311],[26.1056520685738,44.4848462288486],[26.1057093002405,44.4847466844027],[26.1073254116575,44.4832476535325],[26.1098497854037,44.4846589834785],[26.1116683519328,44.4857711915478],[26.1121002439551,44.4853644581226],[26.1136984510502,44.486230068884],[26.1150019981556,44.4871567181866],[26.1151373257599,44.4871967587711],[26.1166686748415,44.487064284246],[26.1330390506582,44.4851950554159],[26.1392603457347,44.4844613851393],[26.1400152961877,44.4843190589574],[26.1400913251018,44.4845213164363],[26.1403150864559,44.4844921147414],[26.1402997638921,44.4842889938738],[26.1407632595444,44.4842401235795],[26.1407736602388,44.4842853176918],[26.1409551091464,44.4842794406711],[26.1471984632531,44.4835484154286],[26.1471888333132,44.4834949332017],[26.1473080649043,44.4834809467273],[26.1475930132074,44.4851660040257],[26.1476240095762,44.4864740014523],[26.1478950088396,44.4888739993585],[26.1520180109907,44.4882660037683],[26.1522650126595,44.4875530020611],[26.1522650126595,44.4869889991146],[26.1524500081158,44.4865840032512],[26.152808013706,44.4863989994659],[26.1570050145787,44.4855179984877],[26.1576590096651,44.4852242253555],[26.1569451966622,44.4835109577505],[26.1575757600927,44.4823086121504],[26.159355982034,44.4821434479466],[26.1593463646706,44.4820814107051],[26.1604181248731,44.4819587864309],[26.1622441132831,44.481813035457],[26.16221042646,44.4817752850443],[26.1624197518875,44.4817299434975],[26.1625637886585,44.4819084041711],[26.1628552183063,44.4819017404988],[26.1627522570017,44.4817026510022],[26.1745331553031,44.480297184002],[26.1737990062389,44.4777080009397],[26.1746130119386,44.4774440045625],[26.1744780122194,44.4765150011277],[26.1759584034683,44.4752820506198],[26.1640767294634,44.4652026635824],[26.1615682666775,44.4622649993974],[26.1627350093483,44.4616730019692],[26.1642170130731,44.4600080014232],[26.1650070139918,44.4571799997086],[26.165476008232,44.4560700025587],[26.1655740099379,44.4539990039808],[26.1660827887654,44.4532041104721],[26.1659931386966,44.4530276832387],[26.1664764448959,44.4528937954306],[26.1685713296132,44.4509564818602],[26.1690609069515,44.4506967238006],[26.1693542068918,44.4506715374574],[26.1696654273236,44.4507679587184],[26.1743680862764,44.4535853135684],[26.1751996270905,44.4538442893036],[26.1760471156959,44.4539199653885],[26.1767540529935,44.4538562367144],[26.1773965361696,44.4535255364561],[26.1776798064197,44.4529450273758],[26.1776646006369,44.4521985992373],[26.1772511591122,44.4512168607864],[26.177019322802,44.4504586112311],[26.1772264940694,44.4500056722937],[26.1771817112559,44.4497384942916],[26.1767369481722,44.449074410877],[26.1754093531666,44.4478564225379],[26.1744907063127,44.4468424835171],[26.1742958275916,44.4459659190256],[26.1743967587037,44.4453308254753],[26.1746674166072,44.4449566410714],[26.1751658728937,44.4445891343894],[26.1757617936936,44.444365593063],[26.1762173248826,44.4442532997107],[26.177202459644,44.4443070795652],[26.1788518446591,44.4450294959287],[26.1798139771593,44.4455494172342],[26.1806591939253,44.445919131704],[26.1810998283519,44.4459902320002],[26.1816279838401,44.4459672151278],[26.182203746445,44.4458854676402],[26.1828392092871,44.4456750244749],[26.1826008386315,44.4452764559031],[26.183555113568,44.444957337554],[26.1838187250864,44.4453506340544],[26.1843254692298,44.4451828147029],[26.1869669554413,44.4439285839322],[26.1873693180435,44.4438109140203],[26.1877382956566,44.4437818163743],[26.1882154358198,44.4438776172888],[26.1888742359946,44.4442487673884],[26.1899105765238,44.445006645423],[26.1907881398266,44.446072074256],[26.1914508719274,44.4466322284968],[26.1921234199194,44.4468141684943],[26.193056531446,44.446829500242],[26.1940377522477,44.4466174475827],[26.194830512791,44.4463283673453],[26.1959729820845,44.4455477703196],[26.1977431455895,44.4420762630269],[26.196964664666,44.4416651164755],[26.196643314831,44.4411272304513],[26.1966458606565,44.4409934231137],[26.1940269068873,44.440622019513],[26.1937488163231,44.4414149068194],[26.1928851167201,44.4412470075351],[26.1922572814731,44.4404656364529],[26.1918390115038,44.4406619977454],[26.1908327573501,44.4396184569925],[26.1908962107485,44.4395793695746],[26.1907579806875,44.4394596570592],[26.1908195278609,44.4394142165753],[26.1902981402801,44.4390882494812],[26.1901369402973,44.4388938263262],[26.1901979610579,44.4388732388283],[26.1898014878107,44.4383861908239],[26.1887252575912,44.4373086883429],[26.1861839910261,44.4368042378201],[26.1863172408271,44.4364235294209],[26.1853654587157,44.4362426885346],[26.1848514921174,44.4376227749282],[26.1825073392818,44.437214188347],[26.1821440219534,44.4362949780394],[26.1821238745382,44.4360468967292],[26.1818240806767,44.4355871366725],[26.1816352979231,44.4356709363946],[26.1818176379595,44.4359583240455],[26.1819266727737,44.4363575552781],[26.1818871127653,44.4364114418213],[26.1809810459186,44.4366039784813],[26.1807838702053,44.4370066214825],[26.1810657327953,44.4374813530791],[26.1808858622277,44.4379319562806],[26.1798478616118,44.4377641925867],[26.1796119810862,44.4386655508605],[26.178248546894,44.4384228481337],[26.1785238077651,44.4376257305403],[26.1796072640327,44.4377253027648],[26.1797286569703,44.4372213927014],[26.1795173902834,44.4366700299578],[26.1791718092919,44.4367442434108],[26.1782599725662,44.4366309386432],[26.1778294935938,44.4362958503753],[26.1776700632921,44.4362401234798],[26.1771203886613,44.4363516695824],[26.1764323016116,44.4367274497886],[26.1760674831983,44.4366133034455],[26.1759730136681,44.4367306446951],[26.1751415402276,44.4370026934529],[26.1749070781418,44.4369564422324],[26.1745735830842,44.4369976390972],[26.1745484536124,44.4371533079244],[26.1731979362957,44.4370082493953],[26.1731316558991,44.436754134725],[26.1715744667783,44.4371047259226],[26.1714513122444,44.4366354253743],[26.1711198689389,44.4367083791245],[26.1711411347566,44.4368218331922],[26.1696161529336,44.4371310373836],[26.1696324465763,44.4371733873873],[26.1681639759712,44.4368629403534],[26.1676480196046,44.4368378038486],[26.1677077791306,44.4364916727762],[26.1673538806379,44.436421170912],[26.1674966516826,44.4361070759435],[26.1676798738646,44.4361594290707],[26.1679320947452,44.4353456527121],[26.1676275272364,44.4352814073013],[26.1674818887692,44.4356629711125],[26.1664282718405,44.4354765223946],[26.1661213228978,44.4362569845916],[26.1658594891453,44.4361927651983],[26.1661189405657,44.4354051386179],[26.1656739870391,44.4353432723509],[26.1655954617069,44.4351124628104],[26.1653765548485,44.4350743929042],[26.1653099268039,44.4352385754916],[26.1652091762532,44.4352217012573],[26.1652817340771,44.4349892979051],[26.1648913819501,44.434921533171],[26.1646419153041,44.4349664826001],[26.1643134786598,44.4349100315355],[26.1643256247808,44.4348512558405],[26.1641342306247,44.434801629585],[26.1627737725511,44.4345498504329],[26.1627771061991,44.4344756816597],[26.1619947409603,44.4343265606266],[26.1619197630751,44.4345620365583],[26.1607025755095,44.4343005904347],[26.1605008040152,44.434911636415],[26.1599180102966,44.4347424785382],[26.1600058718196,44.4344776265161],[26.1597013025141,44.4344262269923],[26.1596901202854,44.4344631850576],[26.1595147457857,44.4344642973207],[26.1592349268629,44.4344033883754],[26.1591683042082,44.4345499594781],[26.1590170018632,44.4345085543431],[26.1591214867106,44.434263237136],[26.1585953281773,44.434154013575],[26.1585191851772,44.4343500869024],[26.1583972658268,44.4343188696999],[26.1585118306699,44.4339312995608],[26.1578853725402,44.4338268310939],[26.1578529370703,44.4339065530791],[26.1570210755576,44.4336914489507],[26.156899252327,44.4339579479285],[26.1567355406547,44.4339046498979],[26.1568211995086,44.4336172085283],[26.1565121206604,44.4335500721105],[26.1565375097453,44.4334788643048],[26.1559390871373,44.4333479009861],[26.1559793711879,44.4331555838811],[26.1557610033187,44.433099428704],[26.1555944403937,44.4335729405677],[26.1553445964553,44.433515832591],[26.1555267747949,44.4329719034018],[26.155359257859,44.4329433455988],[26.155250762034,44.4332707620262],[26.1545459627266,44.4331581535615],[26.1546054482664,44.4329642847818],[26.1546872991619,44.4329186012647],[26.1547367945374,44.4327396675046],[26.1546767646185,44.4327041349627],[26.1538878030506,44.4325949918781],[26.153705060569,44.4332631485767],[26.1535451586518,44.4332403005249],[26.1535794221933,44.4331108588524],[26.1533034049408,44.4330727889252],[26.1532672387675,44.4332250774658],[26.153158730366,44.4332117524749],[26.1532748528878,44.432743470094],[26.1525476882249,44.4326825580722],[26.1524582196159,44.4330956351182],[26.1500559206286,44.4328862408557],[26.1501054124108,44.4326121279467],[26.1498693656969,44.4325854751164],[26.1499036319334,44.4323322995646],[26.1497399220577,44.4323246859928],[26.1496713967712,44.4326635232929],[26.149260221696,44.4326330614751],[26.1493001967261,44.4323132653127],[26.1491326842818,44.4322999413968],[26.1490546395483,44.4328024871743],[26.1488014655551,44.4327796408667],[26.1488414441785,44.4325188513267],[26.1479034422235,44.4324475229519],[26.1479429546212,44.4321305245042],[26.1473037089735,44.4320828646088],[26.1472702278645,44.4322070914965],[26.1471527336152,44.4321663088506],[26.1471776672543,44.4320729878992],[26.145858982638,44.4319386453668],[26.145840767499,44.4320092988943],[26.1456624815595,44.4319915654397],[26.1455520741195,44.4326235447196],[26.1453103168153,44.4326007073226],[26.1453579077624,44.4323856028779],[26.1450876028968,44.4323589544347],[26.1450533402535,44.4325892854134],[26.1448454530288,44.432573787638],[26.1449244868075,44.4318857432072],[26.1445509771938,44.4317909194782],[26.1445566392751,44.4318410884101],[26.1426594791417,44.4316817580098],[26.142605943144,44.4320475985191],[26.1410039730063,44.4319155363597],[26.14093734586,44.4322439066349],[26.1404635815656,44.4321909823003],[26.1404555856613,44.4322488299011],[26.1388976671085,44.4320325098581],[26.1389851073216,44.4317722744242]]]},"properties":{"OBJECTID":2,"ID":"02","NAME":"Municipiul Bucureşti","TOTPOP_CY":291498,"AREA":32.18,"Shape__Area":63179064.14453125,"Shape__Length":51449.841263433853}},{"type":"Feature","id":3,"geometry":{"type":"MultiPolygon","coordinates":[[[[26.1129947539757,44.4149704679404],[26.1126397352838,44.4164323289316],[26.1132156371277,44.4167544974964],[26.1138080302435,44.4161647452297],[26.1135779321733,44.4160599934826],[26.1138090210852,44.415357859022],[26.1142220170455,44.4154879264794],[26.1144483475813,44.4150976873065],[26.1142507802026,44.4150423059433],[26.1140502519767,44.4151169786937],[26.1136819714563,44.4150395975103],[26.113651840165,44.4151507419745],[26.1129947539757,44.4149704679404]]],[[[26.1821352112771,44.3937600822463],[26.1799387441691,44.3938895609796],[26.1791655893569,44.3939927284587],[26.1777371135449,44.3942934937598],[26.1618827578753,44.3982864878077],[26.1619340462881,44.39838328819],[26.1500847206166,44.401365455712],[26.1499289895772,44.4014896599477],[26.1499118676879,44.4014561307411],[26.1496168259143,44.401529646335],[26.1492901382899,44.401615565984],[26.1493076572346,44.401648308248],[26.1491280310087,44.4016279322622],[26.1425986793666,44.403258245409],[26.1415924341961,44.4035441847545],[26.1414666449035,44.4036414481479],[26.1414450053866,44.403598418589],[26.1411722732731,44.4036698739396],[26.14119490453,44.4037122237999],[26.1410103052307,44.4037036695003],[26.1369579340171,44.4048040903948],[26.1264015912633,44.4074725141286],[26.1250714980429,44.4078686125307],[26.1248166226406,44.4078422834046],[26.1240991031889,44.4081150961634],[26.1240385684168,44.408231748934],[26.1226437632583,44.408890701357],[26.1227709188885,44.4090291454868],[26.12263969928,44.4090869704466],[26.1230679989394,44.4093582302154],[26.1232360027622,44.4092860316425],[26.1248373270113,44.4100545239813],[26.1258858729502,44.4107008861658],[26.1253849292287,44.4107815528365],[26.1251416798228,44.4107392125861],[26.1229216418201,44.4095685153987],[26.1228609857755,44.4096080740147],[26.1221391858514,44.4091557700676],[26.1209600069039,44.4099599375662],[26.1192622736619,44.4115333536447],[26.1192240099223,44.4115134906082],[26.1189714207324,44.4117490083939],[26.1190067191332,44.4117711525676],[26.1147597979819,44.4156618305434],[26.113575492349,44.416819715462],[26.1135184502268,44.4167932293143],[26.1132878607782,44.4169938933934],[26.1133571658024,44.4170180490318],[26.1128091198172,44.4174399822051],[26.1128250325741,44.4174822008277],[26.1113094866549,44.4189221610529],[26.1108871796567,44.4196142025916],[26.1098082329319,44.4223712619905],[26.1095902926608,44.4227892904234],[26.1093924135666,44.4234697983416],[26.1093445082092,44.4234612161365],[26.1089744310582,44.4244780264204],[26.1087636656313,44.424840132654],[26.1083865151458,44.425196370355],[26.108015333067,44.4254196655334],[26.108015333067,44.4253125162367],[26.1073014976063,44.4255694976667],[26.1068160830611,44.425631363374],[26.1043230964508,44.4257470625216],[26.1043198158034,44.4258268211899],[26.1016874825264,44.4259701015479],[26.1011371009215,44.4260941707798],[26.1009961561517,44.4262339233293],[26.1010184999478,44.42650333807],[26.1015774990912,44.4264736916353],[26.1018487579677,44.4262357504178],[26.1022627887872,44.4261167739927],[26.102700608792,44.4261262924492],[26.1029813862172,44.4262309889533],[26.1032574025714,44.4264261034693],[26.1037332949747,44.426435622517],[26.1037229814169,44.4267225603237],[26.1039835359684,44.4267189863682],[26.1039807601742,44.4270209723266],[26.1033192731383,44.4270923515894],[26.1030337337438,44.4273160205894],[26.1026482585705,44.4274635525021],[26.1023436901633,44.4274730700978],[26.1019962909817,44.4273874084732],[26.1016488909018,44.4271494613521],[26.1010565337186,44.4271450739704],[26.1011804365491,44.4284927339571],[26.1012606354427,44.4285163145435],[26.1012235197501,44.428636008422],[26.1009519347852,44.4286994554058],[26.1008761322466,44.4286708615152],[26.1003891384631,44.4289889128316],[26.0997049860343,44.4292010384574],[26.0971535029294,44.4293917712425],[26.0965540265976,44.4295179726071],[26.0967186150257,44.4297486926231],[26.0963271858187,44.4299755595642],[26.0964323641654,44.4301877124006],[26.0959839395486,44.4306067889365],[26.0961288890079,44.4306283839135],[26.0962611183228,44.4304986003167],[26.0964713303875,44.4305376245285],[26.0965259425669,44.4308113173735],[26.0966341230833,44.4307939479183],[26.0965705196662,44.4309185034188],[26.0966217029762,44.4310087644227],[26.0963272307345,44.4310589712319],[26.0963879361864,44.4312936058806],[26.0964367030282,44.4312846604644],[26.0965292312991,44.4314930995339],[26.0966519600316,44.4314673962199],[26.0967238917296,44.4316318480969],[26.0957177956794,44.431784123714],[26.0962793604113,44.432560121881],[26.0962247221808,44.4326149952901],[26.0972691475475,44.43228255314],[26.097680146553,44.4330532770275],[26.0968818326246,44.4332305272855],[26.0969663344484,44.4336344193471],[26.097539873723,44.4335629505726],[26.097689534846,44.4338613994951],[26.0979671789475,44.433793090144],[26.0980380048194,44.4340299434905],[26.0976873204988,44.4339986857056],[26.0975682586894,44.4338885892784],[26.097349388662,44.4338672822342],[26.0973769103473,44.433971690974],[26.0969908863034,44.4339383555037],[26.096944986884,44.4341985274108],[26.0970664382121,44.4342566584679],[26.0970639444889,44.4345424295828],[26.0972434305776,44.4345450357644],[26.0972279014013,44.4347762048283],[26.0974572080556,44.4347815961323],[26.0974789436923,44.4344494780486],[26.0981103299796,44.4344663711077],[26.0981259930049,44.4346368094599],[26.0983016369991,44.4346727365959],[26.0982125519707,44.4349064715509],[26.0984302748495,44.4349385973577],[26.0985516255663,44.4350456738449],[26.0985183124423,44.4351518559743],[26.0990477471314,44.4352559545303],[26.0990979081585,44.4349520335651],[26.0995712268885,44.435018008012],[26.0995414818728,44.4353481594356],[26.1016651486118,44.435862716685],[26.101825762893,44.4353963464921],[26.1021300761787,44.43552152207],[26.1022097441679,44.4356713539657],[26.1021079228254,44.4359839112104],[26.1021979618647,44.4359889246025],[26.102268868585,44.4358968855552],[26.1024801029325,44.4359451164176],[26.1027176318667,44.4359208845722],[26.1028984106311,44.4357982229683],[26.1037146118134,44.4358702175459],[26.103750912734,44.4360392425901],[26.1038065912136,44.4360065734587],[26.1041127029265,44.4362829173529],[26.1044186682139,44.4364041430779],[26.1050445415404,44.4361967067522],[26.1056468484636,44.4362951082483],[26.1056742363,44.4361916221797],[26.105896327686,44.436067935504],[26.1060482929877,44.4358858645413],[26.106519222199,44.4359817245861],[26.1068523902699,44.43539223298],[26.1067049964947,44.4353382550547],[26.1073346400504,44.4346906565377],[26.1080456188685,44.4340807795303],[26.1080112160881,44.4340175763656],[26.1083147002287,44.4337593850959],[26.1085633565943,44.4336426555986],[26.1087716965699,44.4337214278452],[26.1087042420753,44.4338325695102],[26.1100802302235,44.4343685322862],[26.1100164480417,44.4344704166919],[26.1100591117295,44.4345580230526],[26.1102047897225,44.4345995583653],[26.1102647666407,44.4345180451338],[26.111373953353,44.4348535784921],[26.1113086269672,44.4349931407588],[26.1116566208335,44.4350645250388],[26.111695288815,44.4349633960002],[26.1120551817655,44.4350347796751],[26.1122248322002,44.4347488993572],[26.1126748755811,44.4346970818524],[26.1130678786365,44.4353009915786],[26.1135678701438,44.4352288288852],[26.1134852808332,44.435091039471],[26.1132919436212,44.4351326815247],[26.1128785146729,44.4345288893675],[26.1131194347473,44.4344604807315],[26.1135923546252,44.4342136148712],[26.1139463016269,44.4339370001213],[26.1143166482725,44.4332767064047],[26.1146363452074,44.433291573442],[26.1146125497338,44.4333510550242],[26.1150411512272,44.433454514692],[26.1149540272211,44.4338752644388],[26.1154327241646,44.4339167373747],[26.1154687636755,44.433457624464],[26.1158728779926,44.4334780541479],[26.1158891949914,44.4335862571373],[26.1161810612205,44.4335973266939],[26.1160224977931,44.4334109817157],[26.1162182577615,44.4334145943908],[26.1163283040787,44.4335811575843],[26.117000505321,44.4336138774636],[26.1170213228794,44.4337953089227],[26.1178114190195,44.4338746165742],[26.1177557809641,44.4335315950371],[26.119925852874,44.433417381513],[26.1199365580973,44.4334816264072],[26.1201471357763,44.4334637805034],[26.1201721242125,44.4336386728195],[26.1204540892106,44.4336065514297],[26.1204422494151,44.4335333192648],[26.1209455080952,44.4334904925883],[26.1208163043062,44.4326146893118],[26.1209590708593,44.4325998214608],[26.1210631730243,44.433301762335],[26.1217648452961,44.4334500508091],[26.1217683855567,44.4332538724702],[26.1220003826653,44.433250300197],[26.1220146577935,44.4331467914168],[26.1221941807131,44.4331558943468],[26.1222002560194,44.4330754073601],[26.1225036727864,44.4330999277588],[26.1224682800625,44.4332937839008],[26.123206865906,44.4334936594478],[26.1231097858715,44.4336554615563],[26.1235799649895,44.4337849045883],[26.1238327212661,44.433326831725],[26.1247905059204,44.4337234836978],[26.1249488968712,44.43286391224],[26.1255520949233,44.4329210214952],[26.1255663691531,44.4327853922151],[26.1265135509921,44.4329127453714],[26.1264675833007,44.4331394345345],[26.1272940171924,44.4332804999788],[26.1274760464117,44.4327415476311],[26.1288144957608,44.432488140545],[26.128988353006,44.4323329076752],[26.1290665127239,44.4323602720072],[26.1291257063112,44.4322327957681],[26.1300323211303,44.4322133650564],[26.130142625264,44.4321026879432],[26.1304807816797,44.4321227755562],[26.1304061550357,44.4318714781544],[26.1309077428493,44.4317984253521],[26.1309577107387,44.4320125800158],[26.1315489656891,44.4319305544891],[26.1314965992979,44.4316742110667],[26.1322283390806,44.431577133492],[26.1322065782911,44.4318384211681],[26.1332024721746,44.4319954116979],[26.133141402905,44.4322913855053],[26.1344115686145,44.4324959337056],[26.1345589983223,44.4320320415848],[26.1347915128605,44.432046540735],[26.1348098636451,44.4319966542265],[26.1360059632594,44.4323804640907],[26.1361509926688,44.432127729623],[26.1368086376102,44.4322884392454],[26.1368440285374,44.4321917424404],[26.1370133699516,44.4322132566482],[26.1372372489851,44.4322578521459],[26.1372074985795,44.4323318274449],[26.1373565668144,44.4323564161511],[26.1374090544781,44.4321667046368],[26.1375600558875,44.4321983495655],[26.137595749547,44.4320555816137],[26.1378115877603,44.4321051845423],[26.1378636532158,44.4319072434153],[26.1383151240198,44.4319825919056],[26.1383428091985,44.4319156409196],[26.1383940005933,44.4319264234134],[26.1386481780046,44.4313154225553],[26.1391316809349,44.4314220175172],[26.1388976671085,44.4320325098581],[26.1401138018485,44.432228026453],[26.1404555856613,44.4322488299011],[26.1404635815656,44.4321909823003],[26.14093734586,44.4322439066349],[26.1410039730063,44.4319155363597],[26.142605943144,44.4320475985191],[26.1426594791417,44.4316817580098],[26.1445566392751,44.4318410884101],[26.1445509771938,44.4317909194782],[26.1449244868075,44.4318857432072],[26.1448454530288,44.432573787638],[26.1450533402535,44.4325892854134],[26.1450876028968,44.4323589544347],[26.1453579077624,44.4323856028779],[26.1453103168153,44.4326007073226],[26.1455520741195,44.4326235447196],[26.1456624815595,44.4319915654397],[26.145840767499,44.4320092988943],[26.145858982638,44.4319386453668],[26.1471776672543,44.4320729878992],[26.1471527336152,44.4321663088506],[26.1472702278645,44.4322070914965],[26.1473037089735,44.4320828646088],[26.1479429546212,44.4321305245042],[26.1479034422235,44.4324475229519],[26.1488414441785,44.4325188513267],[26.1488014655551,44.4327796408667],[26.1490546395483,44.4328024871743],[26.1491326842818,44.4322999413968],[26.1493001967261,44.4323132653127],[26.149260221696,44.4326330614751],[26.1496713967712,44.4326635232929],[26.1497399220577,44.4323246859928],[26.1499036319334,44.4323322995646],[26.1498693656969,44.4325854751164],[26.1501054124108,44.4326121279467],[26.1500559206286,44.4328862408557],[26.1524582196159,44.4330956351182],[26.1525476882249,44.4326825580722],[26.1532748528878,44.432743470094],[26.153158730366,44.4332117524749],[26.1532672387675,44.4332250774658],[26.1533034049408,44.4330727889252],[26.1535794221933,44.4331108588524],[26.1535451586518,44.4332403005249],[26.153705060569,44.4332631485767],[26.1538878030506,44.4325949918781],[26.1546767646185,44.4327041349627],[26.1547367945374,44.4327396675046],[26.1546872991619,44.4329186012647],[26.1546054482664,44.4329642847818],[26.1545459627266,44.4331581535615],[26.155250762034,44.4332707620262],[26.155359257859,44.4329433455988],[26.1555267747949,44.4329719034018],[26.1553445964553,44.433515832591],[26.1555944403937,44.4335729405677],[26.1557610033187,44.433099428704],[26.1559793711879,44.4331555838811],[26.1559390871373,44.4333479009861],[26.1565375097453,44.4334788643048],[26.1565121206604,44.4335500721105],[26.1568211995086,44.4336172085283],[26.1567355406547,44.4339046498979],[26.156899252327,44.4339579479285],[26.1570210755576,44.4336914489507],[26.1578529370703,44.4339065530791],[26.1578853725402,44.4338268310939],[26.1585118306699,44.4339312995608],[26.1583972658268,44.4343188696999],[26.1585191851772,44.4343500869024],[26.1585953281773,44.434154013575],[26.1591214867106,44.434263237136],[26.1590170018632,44.4345085543431],[26.1591683042082,44.4345499594781],[26.1592349268629,44.4344033883754],[26.1595147457857,44.4344642973207],[26.1596901202854,44.4344631850576],[26.1597013025141,44.4344262269923],[26.1600058718196,44.4344776265161],[26.1599180102966,44.4347424785382],[26.1605008040152,44.434911636415],[26.1607025755095,44.4343005904347],[26.1619197630751,44.4345620365583],[26.1619947409603,44.4343265606266],[26.1627771061991,44.4344756816597],[26.1627737725511,44.4345498504329],[26.1641342306247,44.434801629585],[26.1643256247808,44.4348512558405],[26.1643134786598,44.4349100315355],[26.1646419153041,44.4349664826001],[26.1648913819501,44.434921533171],[26.1652817340771,44.4349892979051],[26.1652091762532,44.4352217012573],[26.1653099268039,44.4352385754916],[26.1653765548485,44.4350743929042],[26.1655954617069,44.4351124628104],[26.1656739870391,44.4353432723509],[26.1661189405657,44.4354051386179],[26.1658594891453,44.4361927651983],[26.1661213228978,44.4362569845916],[26.1664282718405,44.4354765223946],[26.1674818887692,44.4356629711125],[26.1676275272364,44.4352814073013],[26.1679320947452,44.4353456527121],[26.1676798738646,44.4361594290707],[26.1674966516826,44.4361070759435],[26.1673538806379,44.436421170912],[26.1677077791306,44.4364916727762],[26.1676480196046,44.4368378038486],[26.1681639759712,44.4368629403534],[26.1696324465763,44.4371733873873],[26.1696161529336,44.4371310373836],[26.1711411347566,44.4368218331922],[26.1711198689389,44.4367083791245],[26.1714513122444,44.4366354253743],[26.1715744667783,44.4371047259226],[26.1731316558991,44.436754134725],[26.1731979362957,44.4370082493953],[26.1745484536124,44.4371533079244],[26.1745735830842,44.4369976390972],[26.1749070781418,44.4369564422324],[26.1751415402276,44.4370026934529],[26.1759730136681,44.4367306446951],[26.1760674831983,44.4366133034455],[26.1764323016116,44.4367274497886],[26.1771203886613,44.4363516695824],[26.1776700632921,44.4362401234798],[26.1778294935938,44.4362958503753],[26.1782599725662,44.4366309386432],[26.1791718092919,44.4367442434108],[26.1795173902834,44.4366700299578],[26.1797286569703,44.4372213927014],[26.1796072640327,44.4377253027648],[26.1785238077651,44.4376257305403],[26.178248546894,44.4384228481337],[26.1796119810862,44.4386655508605],[26.1798478616118,44.4377641925867],[26.1808858622277,44.4379319562806],[26.1810657327953,44.4374813530791],[26.1807838702053,44.4370066214825],[26.1809810459186,44.4366039784813],[26.1818871127653,44.4364114418213],[26.1819266727737,44.4363575552781],[26.1818176379595,44.4359583240455],[26.1816352979231,44.4356709363946],[26.1818240806767,44.4355871366725],[26.1821238745382,44.4360468967292],[26.1821440219534,44.4362949780394],[26.1825073392818,44.437214188347],[26.1848514921174,44.4376227749282],[26.1853654587157,44.4362426885346],[26.1863172408271,44.4364235294209],[26.1861839910261,44.4368042378201],[26.1887252575912,44.4373086883429],[26.1898014878107,44.4383861908239],[26.1901979610579,44.4388732388283],[26.1901369402973,44.4388938263262],[26.1902981402801,44.4390882494812],[26.1908195278609,44.4394142165753],[26.1907579806875,44.4394596570592],[26.1908962107485,44.4395793695746],[26.1908327573501,44.4396184569925],[26.1918390115038,44.4406619977454],[26.1922572814731,44.4404656364529],[26.1928851167201,44.4412470075351],[26.1937488163231,44.4414149068194],[26.1940269068873,44.440622019513],[26.1966458606565,44.4409934231137],[26.1970416898117,44.4400770244292],[26.1973090886274,44.4397480118861],[26.1980030255063,44.4391891834535],[26.1988307197343,44.4388218091767],[26.1999413913617,44.438668151727],[26.2007511444369,44.4386488835044],[26.2014541111811,44.4387074642434],[26.2027444332889,44.4389327795099],[26.2041455670785,44.4389442271178],[26.2048969395417,44.4388100818963],[26.2051720890217,44.4385869578147],[26.2056013337089,44.4380651163973],[26.2056823707306,44.4377000306524],[26.2057444919275,44.4377121635254],[26.2060976699713,44.4362270095636],[26.2064238985566,44.4355888473695],[26.2068132203159,44.4352701783465],[26.2073620855646,44.4344586994426],[26.2077326019918,44.4341342890778],[26.2091878017852,44.4334505319],[26.2110344361754,44.432999236003],[26.211487815001,44.4329819024784],[26.2121580588142,44.433196443453],[26.2121502335898,44.4332348070871],[26.2126667612849,44.433435034353],[26.2132189529951,44.4339299666289],[26.2131221613198,44.4339720277347],[26.2133735036481,44.4342323855113],[26.2134727297578,44.4343061344466],[26.213549383001,44.4342667022258],[26.2141554655434,44.434738022451],[26.2144988636288,44.4348911847819],[26.2150516976344,44.4349493523534],[26.2153880915554,44.4348595316898],[26.215544988608,44.4347115630225],[26.2171249113938,44.4324223005157],[26.2176726474601,44.4318280305977],[26.2180559801514,44.4315252483858],[26.2190289517239,44.4311275378049],[26.2194367105061,44.4310947780447],[26.2224036240056,44.4315694287325],[26.2226399186546,44.4316551034723],[26.2240267054509,44.4324522749295],[26.2244218096657,44.4325818155632],[26.2251740427149,44.4325111075619],[26.2255266907527,44.4323823814338],[26.225350142155,44.4316196620019],[26.2253820880432,44.4315152618896],[26.2252451569461,44.4313685798977],[26.2247274048472,44.4303098289684],[26.2241071388048,44.4285103292658],[26.2237872298675,44.4278968164448],[26.2235753819707,44.4279421356575],[26.2231696174484,44.4269938467084],[26.2229420786785,44.4266583804923],[26.22288957754,44.4266709454824],[26.2227030091336,44.4263205483022],[26.2211588635508,44.4266350294655],[26.2210178567972,44.4265903443539],[26.2208545565533,44.4263261007695],[26.2209190331328,44.4259937934963],[26.2207513446187,44.4254571335466],[26.222021321682,44.4251408144329],[26.2244149528251,44.424431969943],[26.2242515259187,44.4240536676227],[26.2239542518316,44.4241211947509],[26.2231380991583,44.4222876215567],[26.2228229512921,44.4223583971017],[26.2221551562863,44.4207394047224],[26.2213664192971,44.4181245124842],[26.2182288196054,44.4186145004972],[26.2177099068832,44.4169768829979],[26.2178349802185,44.4155400369244],[26.2199336809791,44.4156967414206],[26.2206540094628,44.4069969990835],[26.2175800051032,44.4067230028605],[26.2173290095246,44.4063809976797],[26.2172100105973,44.4055100012598],[26.2124260073989,44.4043649980803],[26.2116961352136,44.4035034186938],[26.2120979246908,44.4031113699348],[26.2123164282056,44.4031881719643],[26.2127398643861,44.4025364460795],[26.2126642963077,44.4025141296177],[26.212870629447,44.4020555344534],[26.2127859713163,44.4019200543406],[26.2128138388531,44.4017147015139],[26.2126484338564,44.4015216333997],[26.2127249469625,44.4013104393698],[26.2129255120193,44.4011086804624],[26.212844616033,44.400807936712],[26.2129109907528,44.4006234684929],[26.2133525980549,44.3995825465176],[26.2136740143652,44.3996196447083],[26.2140402296587,44.3991788517814],[26.2140412007376,44.3988301415361],[26.2139313421682,44.3986601770791],[26.2116959357877,44.3985795687869],[26.2120834043225,44.3950463351421],[26.1821352112771,44.3937600822463]]]]},"properties":{"OBJECTID":3,"ID":"03","NAME":"Municipiul Bucureşti","TOTPOP_CY":385455,"AREA":34.44,"Shape__Area":67509621.918945313,"Shape__Length":51504.58498356639}},{"type":"Feature","id":4,"geometry":{"type":"Polygon","coordinates":[[[26.1690259103846,44.3172140518151],[26.170627235532,44.314760993714],[26.1696240095991,44.3146740004726],[26.1651300086256,44.3116250014257],[26.1633520091163,44.3113770033614],[26.1619700049506,44.3119440032992],[26.1602420092633,44.3124050005533],[26.1571310068905,44.3126180039373],[26.1553040060792,44.3138590052677],[26.1532790066977,44.3166239977373],[26.1526860063208,44.3182900014755],[26.1501190075143,44.3208780015896],[26.1480940072346,44.3232180012214],[26.1480450122207,44.3253799987616],[26.1437490098172,44.3293500027805],[26.1424179006022,44.3311675394773],[26.1416833158551,44.3310708702135],[26.1417563506843,44.3312434360472],[26.1403545467514,44.3368505350276],[26.1435463427026,44.3373237691459],[26.1457450520055,44.3375740226098],[26.1465630399369,44.337790216533],[26.1273840122142,44.3483225974334],[26.1303368086891,44.3511769201953],[26.1217137661908,44.3558641555356],[26.1117362439071,44.3611775708967],[26.1095713561746,44.3611241924022],[26.1095721305224,44.3613491650351],[26.1091896359593,44.3612344778468],[26.1089725383079,44.3604281102111],[26.1085676676093,44.3597663435751],[26.1066297419284,44.3582355027485],[26.1020048671977,44.3616583688535],[26.1011848921929,44.3609119984045],[26.0980852418303,44.3631978821297],[26.0978649120406,44.3622382978279],[26.0960267802045,44.3612786226659],[26.0958843002139,44.3605892223928],[26.0958244203138,44.3605895435197],[26.0958374018679,44.3600634966807],[26.0954647654167,44.3599631435222],[26.0954070899822,44.3603481846501],[26.0956267927479,44.3610697053379],[26.0954329228348,44.3617282274206],[26.0944068563375,44.3628808621638],[26.0941421668408,44.362921893504],[26.0936745092937,44.3628381475121],[26.0936780100284,44.3627929994208],[26.0878642069343,44.3642615523538],[26.0870469708928,44.3608929775147],[26.0866857834699,44.3610451682237],[26.0873940475793,44.363730492567],[26.0872370067963,44.3637590456375],[26.0874939878496,44.3648916684415],[26.0873464593271,44.3649107040882],[26.0877961802128,44.3666810223832],[26.0878604232304,44.3666667484883],[26.0882244816689,44.3678707595516],[26.0885100156736,44.3677993709426],[26.0886622998772,44.3685417634],[26.0884461688131,44.3685703154097],[26.0888030865434,44.3702597371035],[26.0878481279891,44.370425107288],[26.0880564473035,44.371261697562],[26.0885097506706,44.3711935443226],[26.0886617069891,44.3716735421722],[26.0893707086153,44.3715672434811],[26.0895596809134,44.3722309534508],[26.0891061035602,44.3722891563892],[26.0892833986579,44.3729731690199],[26.0898359101683,44.3728942025629],[26.0900043487757,44.3735440477851],[26.0896291081084,44.3735952536162],[26.0896730896248,44.3737575784889],[26.089450092737,44.3737891497219],[26.0895778529333,44.3743308870315],[26.090123846268,44.3742447205651],[26.0902683726208,44.3747770623305],[26.0900220869093,44.3748108296312],[26.090259520622,44.3756809673864],[26.0903552217425,44.3756668472178],[26.0905789220112,44.3765023295096],[26.0904542592059,44.3765102675372],[26.0905634826664,44.376963724049],[26.0904254547264,44.3769763234732],[26.0905184429347,44.3774058265452],[26.0908719713215,44.3773639770804],[26.0910358114529,44.3780441563931],[26.0903602226637,44.378130682602],[26.0904668266368,44.3785388583464],[26.0910427006328,44.3784553080377],[26.0911158396666,44.3786655065418],[26.0913754581736,44.3786294621648],[26.0914216998512,44.3788608844126],[26.0907593279748,44.3789532784173],[26.0908920271085,44.3793926224218],[26.0913846659053,44.3793227014546],[26.0918513146442,44.3811486563773],[26.0911323138706,44.3812501269657],[26.0911635707509,44.3813766222725],[26.0904316144743,44.3814565506012],[26.090170431102,44.381378242104],[26.0900752285465,44.3815204063839],[26.0885773722519,44.3810844644078],[26.0878535609999,44.3809307444408],[26.0877783288915,44.381554494018],[26.0883289224988,44.3822144101136],[26.0896480616626,44.3833026756145],[26.0902635127351,44.3837311622179],[26.0904140973262,44.3837266438206],[26.0911616986618,44.3850180669392],[26.0915207768405,44.3851230302809],[26.0915217667839,44.3852133761045],[26.09089120515,44.3850142959129],[26.0909541905262,44.3852663281976],[26.0904709040898,44.385372054411],[26.0907083288194,44.3859278645289],[26.0911234088712,44.3858419179927],[26.0915671945879,44.3867863413836],[26.0915715505186,44.3869340641456],[26.0908975499509,44.386905020998],[26.0914172280377,44.3880400201569],[26.0911899228298,44.3880854646279],[26.0916689296921,44.389182106156],[26.0913448319106,44.3892939185837],[26.091689652029,44.3900543496368],[26.0917500206128,44.3900417864074],[26.091921966243,44.3903483166239],[26.0921305757132,44.390291783959],[26.0934829750004,44.3930656652883],[26.0929783320165,44.3931751716652],[26.0930076359594,44.3932214825602],[26.0933601878775,44.3931411524199],[26.0934781411659,44.3934434491626],[26.0933633337776,44.3934716860573],[26.0933441502547,44.3935433668843],[26.0941466215862,44.3952736262251],[26.0946178023258,44.3951696355532],[26.0967299266117,44.3998300740114],[26.0944238605475,44.4003580543291],[26.0925180002306,44.399299919546],[26.0921107678612,44.3997626407769],[26.0919926789272,44.3997837869593],[26.0929550171416,44.4003081305101],[26.0936287841474,44.4010282616685],[26.0948275966739,44.4017813366639],[26.0940302457395,44.4025597560295],[26.0956492829693,44.4033683109602],[26.096632808848,44.4035290463787],[26.0967170519571,44.4033909993313],[26.0968698095728,44.4034059182525],[26.0969823594948,44.4032250894521],[26.0972726545704,44.4032346071429],[26.0972702776281,44.4035559203945],[26.0964280046413,44.4049366964114],[26.0962187358077,44.404843613727],[26.0965136670885,44.4042561749555],[26.0963567376966,44.4042037143151],[26.0960174736582,44.4047540907904],[26.0955973765156,44.4046180958087],[26.0954294948637,44.4048820209976],[26.0954955902074,44.4049054121592],[26.0953396076397,44.4051514410732],[26.0957104079345,44.4052678417652],[26.095467572652,44.4054845798064],[26.0956325392707,44.405589988406],[26.0955514708079,44.4056397633218],[26.0958499468409,44.4057886135558],[26.0955343623933,44.4060852905718],[26.0948802837636,44.4064289191868],[26.0950130008637,44.4065402847336],[26.0947711088122,44.4066695522891],[26.095078548235,44.4070147959522],[26.0949176878154,44.4071030813558],[26.0951400415095,44.407315337734],[26.0949436527204,44.407407381358],[26.0950074537668,44.4074601035222],[26.0949071883064,44.4075133646999],[26.0946156508607,44.40723027869],[26.0942994717285,44.4074207231407],[26.0945734102794,44.4077667003673],[26.0942623470527,44.4079783055442],[26.0944262455746,44.4081214685687],[26.0942679507435,44.4082154945166],[26.0943333166551,44.4082865194018],[26.0940539352118,44.4084748626023],[26.0937198275032,44.4082187667059],[26.093127951817,44.4086687663996],[26.0931035490823,44.4087183975159],[26.0933931003529,44.4089193395755],[26.0931881425343,44.4091082730475],[26.092716566536,44.408892564924],[26.0911585895927,44.410867025748],[26.0913414829913,44.4109504425227],[26.0912218013443,44.4110824044563],[26.0914356722471,44.4111770044569],[26.0909361640334,44.4117590021172],[26.090473086996,44.4115332824166],[26.0905701876916,44.4114328198134],[26.0898514662941,44.4111637649194],[26.0897402117428,44.4113437914426],[26.0891021042605,44.4111338495343],[26.0887544068382,44.4109624840518],[26.0885787269114,44.4107195430745],[26.0889453985491,44.4106038424226],[26.0885260362283,44.409861852376],[26.0881318357187,44.4098348824333],[26.0880415747956,44.4097841369648],[26.0878972110379,44.4094514071073],[26.0880906506579,44.4093041403323],[26.0873230285695,44.4087027239959],[26.0869483143151,44.4088604575297],[26.0868396199623,44.4090120403665],[26.0865740698795,44.4089932436591],[26.0862824156528,44.4091349404328],[26.0867070061685,44.4094668455579],[26.0862181115498,44.4098130904692],[26.0855585235525,44.4108034054016],[26.0867821726999,44.4119122811317],[26.0880025465898,44.41109495996],[26.0887779633599,44.412105501685],[26.0880112135357,44.4129021184024],[26.0890243299198,44.4133492035084],[26.0898158247369,44.414506437373],[26.091222210976,44.415432325399],[26.0908722363245,44.4158926745468],[26.0911790325536,44.4160881283491],[26.0909108378305,44.4163099953709],[26.0907066902924,44.416186890298],[26.0904535162992,44.4164397443813],[26.0898374660504,44.41607544238],[26.088976705735,44.416824391072],[26.0900116610621,44.4173384665653],[26.0897115060779,44.4177972640117],[26.0892726359425,44.417890080981],[26.0886244466677,44.4177503553235],[26.0882169214475,44.4179609561683],[26.0886789052352,44.4180767314508],[26.088326771932,44.4183626220982],[26.0879716220861,44.4188029830331],[26.0876464615977,44.4194558827583],[26.0877729030672,44.419461076577],[26.0882070130299,44.4197556458629],[26.0881897321388,44.4201889925989],[26.0885935257573,44.4203975353963],[26.0886914969205,44.4203804040874],[26.0886471659596,44.4216293333482],[26.088892494067,44.4218094508377],[26.0888968796422,44.4219996162047],[26.0882074127802,44.4220446249738],[26.0882454842803,44.4228012955115],[26.0875173700981,44.422853644519],[26.087702968324,44.4243717370052],[26.0902855232562,44.4241912059072],[26.0903258692906,44.4240975206487],[26.090750322364,44.4241325759722],[26.0909184654256,44.4242242094787],[26.0910392951195,44.4244146005166],[26.0918523324354,44.4243881216586],[26.0918569713356,44.4244367039672],[26.0919532312082,44.4244333415847],[26.091970673796,44.4248527108659],[26.0916435864213,44.4248539214689],[26.0913950153956,44.425107298142],[26.0914151673024,44.4258315243073],[26.0916434292161,44.4258482280376],[26.092060492748,44.4260153035702],[26.092365205784,44.4261933995445],[26.092725228092,44.4265565414885],[26.0931409522358,44.4265419755403],[26.0932206121402,44.4278459621955],[26.0935844451016,44.4279576609633],[26.0937749427391,44.4276869140776],[26.0941241080086,44.4277158086799],[26.0944675572979,44.4277768965217],[26.095411331827,44.428171770681],[26.0949002820585,44.4285648279874],[26.0949070086433,44.4286286881792],[26.0945513826903,44.4284768675106],[26.0943652948826,44.4286449876021],[26.0944762413118,44.4286935060712],[26.0941096361494,44.4289774331228],[26.094260376149,44.4290319872196],[26.0941066923702,44.4291679773946],[26.0939078646551,44.4290981139708],[26.0937646606224,44.4292738751131],[26.0930529811183,44.4290357489941],[26.093001816673,44.4293060104312],[26.0930948138645,44.4293115125779],[26.0930881950774,44.4296086078421],[26.0943749338056,44.4295709795495],[26.0943491746148,44.4293090023879],[26.0941764240941,44.429301918943],[26.0944300229904,44.429067630408],[26.0947255821936,44.4290432949949],[26.0948016191925,44.4289409963386],[26.0950587484679,44.428994487498],[26.0954343457662,44.428953633328],[26.0956605505379,44.42877058179],[26.0958328285448,44.4288081483717],[26.0959016709366,44.4291726654886],[26.0953136112937,44.4291574144269],[26.0953202130128,44.4292843020616],[26.0951582889879,44.4292768086949],[26.0951587884512,44.4294049829175],[26.095018492265,44.429535357196],[26.0948778538208,44.4295433444827],[26.0949193065796,44.4298723888249],[26.0951678156214,44.4298531555501],[26.0953051455705,44.4300622354434],[26.0956276659103,44.4301867495234],[26.0962592552169,44.4295838620961],[26.0967220843193,44.4294045871126],[26.0967925670348,44.4293174855851],[26.0981820954893,44.4292293748467],[26.098125272556,44.4289469013843],[26.099534453454,44.4288173815616],[26.0997049860343,44.4292010384574],[26.0999457084793,44.4291443284303],[26.1006191700579,44.428875702083],[26.1008761322466,44.4286708615152],[26.1009519347852,44.4286994554058],[26.1012603381004,44.4286127441472],[26.1012606354427,44.4285163145435],[26.1011804365491,44.4284927339571],[26.1010565337186,44.4271450739704],[26.1016488909018,44.4271494613521],[26.1019962909817,44.4273874084732],[26.1023436901633,44.4274730700978],[26.1026482585705,44.4274635525021],[26.1030337337438,44.4273160205894],[26.1033192731383,44.4270923515894],[26.1039807601742,44.4270209723266],[26.1039835359684,44.4267189863682],[26.1037229814169,44.4267225603237],[26.1037332949747,44.426435622517],[26.1032574025714,44.4264261034693],[26.1029813862172,44.4262309889533],[26.102700608792,44.4261262924492],[26.1022627887872,44.4261167739927],[26.1018487579677,44.4262357504178],[26.1015774990912,44.4264736916353],[26.1010184999478,44.42650333807],[26.1009961561517,44.4262339233293],[26.1011371009215,44.4260941707798],[26.1016874825264,44.4259701015479],[26.1043198158034,44.4258268211899],[26.1043230964508,44.4257470625216],[26.1068160830611,44.425631363374],[26.1073014976063,44.4255694976667],[26.108015333067,44.4253125162367],[26.108015333067,44.4254196655334],[26.1082698302786,44.4252793965186],[26.1086681666318,44.42495317351],[26.1089195278247,44.4245940505513],[26.1108871796567,44.4196142025916],[26.1113094866549,44.4189221610529],[26.1128250325741,44.4174822008277],[26.1128091198172,44.4174399822051],[26.1133571658024,44.4170180490318],[26.1132878607782,44.4169938933934],[26.1135184502268,44.4167932293143],[26.113575492349,44.416819715462],[26.1147597979819,44.4156618305434],[26.1190067191332,44.4117711525676],[26.1189714207324,44.4117490083939],[26.1192240099223,44.4115134906082],[26.1192622736619,44.4115333536447],[26.1209600069039,44.4099599375662],[26.1221391858514,44.4091557700676],[26.1228609857755,44.4096080740147],[26.1229216418201,44.4095685153987],[26.1251416798228,44.4107392125861],[26.1253849292287,44.4107815528365],[26.1258858729502,44.4107008861658],[26.1248373270113,44.4100545239813],[26.1232360027622,44.4092860316425],[26.1230679989394,44.4093582302154],[26.12263969928,44.4090869704466],[26.1227709188885,44.4090291454868],[26.1226437632583,44.408890701357],[26.1240385684168,44.408231748934],[26.1240991031889,44.4081150961634],[26.1248166226406,44.4078422834046],[26.1250714980429,44.4078686125307],[26.1264015912633,44.4074725141286],[26.1369579340171,44.4048040903948],[26.1410103052307,44.4037036695003],[26.14119490453,44.4037122237999],[26.1411722732731,44.4036698739396],[26.1414450053866,44.403598418589],[26.1414666449035,44.4036414481479],[26.1415924341961,44.4035441847545],[26.1425986793666,44.403258245409],[26.1491280310087,44.4016279322622],[26.1493076572346,44.401648308248],[26.1492901382899,44.401615565984],[26.1496168259143,44.401529646335],[26.1499118676879,44.4014561307411],[26.1499289895772,44.4014896599477],[26.1500847206166,44.401365455712],[26.1619340462881,44.39838328819],[26.1580980432939,44.3932551596285],[26.1570052589204,44.3919246359085],[26.1567909316734,44.3906145188988],[26.1565157426676,44.3901784058459],[26.1563227387305,44.3899350421789],[26.154260032565,44.3879844398475],[26.1535635992679,44.3869402603919],[26.1540096478408,44.3867821474153],[26.1517150811105,44.3836200203275],[26.1511493311278,44.3838354184582],[26.1498709090025,44.3821893810834],[26.1500614389794,44.3821085966611],[26.1500200113734,44.3820523834676],[26.1530197205674,44.3809765629564],[26.1538656218496,44.3807731140918],[26.15453882651,44.3806835639575],[26.1535740089454,44.3794170035377],[26.1515440077445,44.3801490043523],[26.1521110000973,44.3808528005564],[26.1497517034626,44.3816934400532],[26.1474494669165,44.3786074351417],[26.148452945276,44.3781985016013],[26.1478484455651,44.3773620643539],[26.1477516197539,44.3773961704608],[26.1472847895553,44.3768952121045],[26.1469051291768,44.376315228547],[26.1455897970732,44.3746222746862],[26.1454234138113,44.3744640366199],[26.1449268978857,44.3746553903449],[26.1437709646427,44.373111814361],[26.1437241121108,44.3731347006768],[26.1433757337655,44.3725782271512],[26.1448323349307,44.3720099402345],[26.1435657930251,44.3701872186559],[26.1427947537454,44.3694296760975],[26.1429889057294,44.3691776764586],[26.1435726597471,44.3694033238954],[26.1436376214169,44.3693190522514],[26.1436816262894,44.3693364264811],[26.1441906808997,44.3686764930336],[26.1436304852003,44.3683793315983],[26.1445580702913,44.3671462407928],[26.1446489609335,44.3671807741207],[26.1455518495407,44.3659956306844],[26.1457020766023,44.3660615108261],[26.1462110548557,44.3653368585878],[26.1462970532728,44.3653653254625],[26.1476834052845,44.3635972479318],[26.148122304166,44.363276592568],[26.1485710261252,44.3634768641377],[26.1503693742722,44.3610891153729],[26.1521419416689,44.3574308710505],[26.1612149368184,44.3455349138665],[26.1643178399806,44.3467780076051],[26.1667446117711,44.3436043515972],[26.1671810816081,44.3427356846088],[26.1667109213547,44.3425914686344],[26.1680930063688,44.3406920008114],[26.1685380110993,44.3397529986552],[26.169007009831,44.3376789990243],[26.1699200098751,44.3367050009126],[26.1702660112782,44.335181003987],[26.1702988527866,44.3337465425801],[26.1755588876271,44.3266382173334],[26.1760430077001,44.3263550004647],[26.1765130062567,44.3253629983674],[26.1761420074343,44.3238559980145],[26.1737720109662,44.3209310015618],[26.1733520126383,44.3200979981105],[26.1715250073354,44.3190530042728],[26.1709080084656,44.3182900021182],[26.1690259103846,44.3172140518151]],[[26.1129947539757,44.4149704679404],[26.113651840165,44.4151507419745],[26.1136819714563,44.4150395975103],[26.1140502519767,44.4151169786937],[26.1142507802026,44.4150423059433],[26.1144483475813,44.4150976873065],[26.1142220170455,44.4154879264794],[26.1138090210852,44.415357859022],[26.1135779321733,44.4160599934826],[26.1138080302435,44.4161647452297],[26.1132156371277,44.4167544974964],[26.1126397352838,44.4164323289316],[26.1129947539757,44.4149704679404]]]},"properties":{"OBJECTID":4,"ID":"04","NAME":"Municipiul Bucureşti","TOTPOP_CY":271279,"AREA":39.85,"Shape__Area":78002483.875976563,"Shape__Length":67494.193616582459}},{"type":"Feature","id":5,"geometry":{"type":"MultiPolygon","coordinates":[[[[25.9980110102594,44.4062640023725],[25.9963457951324,44.4059602175283],[25.9955271729904,44.4090385095033],[26.0013403310941,44.4097624014526],[26.0019800106281,44.407438997977],[26.0000710080043,44.4064770010922],[25.9980110102594,44.4062640023725]]],[[[26.0885546340954,44.3690837110738],[26.0884461688131,44.3685703154097],[26.0886622998772,44.3685417634],[26.0885100156736,44.3677993709426],[26.0882244816689,44.3678707595516],[26.0878604232304,44.3666667484883],[26.0877961802128,44.3666810223832],[26.0873464593271,44.3649107040882],[26.0874939878496,44.3648916684415],[26.0872370067963,44.3637590456375],[26.0873940475793,44.363730492567],[26.0866857834699,44.3610451682237],[26.0854874290843,44.36155010342],[26.0798838003257,44.3636202342987],[26.0812757847742,44.3655119077813],[26.0822201809375,44.366666685554],[26.0824498702741,44.3683288083276],[26.0808303147164,44.3692754336397],[26.069908702595,44.3732364503472],[26.0689009778991,44.3746240802715],[26.0634054119776,44.3768960224033],[26.0614080052484,44.3775309843828],[26.0614256733134,44.377655892189],[26.0570814628203,44.379111408045],[26.0560439562778,44.3795208404999],[26.0539905333025,44.3760449912349],[26.0488020789187,44.3773226309688],[26.0469844430442,44.3776919101985],[26.0469291607216,44.3771698558864],[26.046606330463,44.3764587656878],[26.0457078507872,44.374962668913],[26.0329937502293,44.3831565795209],[26.033164973614,44.3832584408205],[26.032909258287,44.3835801282738],[26.0380464000033,44.386752407658],[26.0389881766792,44.3873973030023],[26.0372608439486,44.3888444804879],[26.0369266239505,44.3886661680487],[26.0362413414411,44.3885805054219],[26.0347422840989,44.3880094375122],[26.0337825509988,44.3873838751243],[26.0321773550109,44.3888057224587],[26.0316163948452,44.3884798178767],[26.0315682756887,44.3885224021296],[26.0312783588038,44.3883596591941],[26.0307301870545,44.3888736722461],[26.0295405445305,44.3897329063898],[26.0290545092494,44.3895165150576],[26.0287909570197,44.3898106798937],[26.028439961882,44.3896787444383],[26.0277687550748,44.3905451563288],[26.0272271616883,44.3907931014291],[26.0269550242595,44.3907984428678],[26.0264403947046,44.3912715193393],[26.0253738177812,44.3923266302152],[26.0254770306141,44.3923553124894],[26.0231750285283,44.3944615234292],[26.0156923918933,44.4016250017857],[26.0134868122751,44.4035675225413],[26.0132641971713,44.4034333956019],[26.0115007045555,44.405169868075],[26.0108288428765,44.4057412504961],[26.0099266100394,44.4052502561471],[26.0095960129468,44.4060270057146],[26.0095960138452,44.4063699999794],[26.00909400562,44.4065149991373],[26.0087950085642,44.4079949996154],[26.0088720929987,44.4080047417787],[26.0088249781587,44.4082624076447],[26.0099073591428,44.4083937717755],[26.0097145573267,44.4091173765123],[26.0086941142831,44.4089780611311],[26.0083883888458,44.4106500041238],[26.0098770481885,44.4108467081597],[26.0099366720689,44.4106789835094],[26.0134127515698,44.411142700496],[26.0135765791248,44.4105237748604],[26.0153173542453,44.4107531760615],[26.0151288894953,44.4115876294828],[26.0166654766534,44.4118081063487],[26.0173095992549,44.4114456274285],[26.017458804932,44.4116463271836],[26.018779010396,44.4106950004533],[26.0188996676134,44.410818290989],[26.0190183745883,44.4107441530643],[26.0194606340673,44.4111926824474],[26.0197875453723,44.4110292190406],[26.0201030085472,44.4113590022329],[26.0204660060754,44.4111759995561],[26.0212880121711,44.411656001361],[26.0212198408208,44.4119727123542],[26.0213324132006,44.4120863909024],[26.0216792644099,44.4119211813857],[26.0219144217917,44.4121731093488],[26.0220352407059,44.4121691007227],[26.0220248427065,44.412461047601],[26.0222470077544,44.4124914275286],[26.0223192817105,44.4119578527282],[26.0228586032577,44.4122542360039],[26.023499662604,44.4125027352951],[26.0244786340242,44.4126232724073],[26.0246095796465,44.4127453570079],[26.0247005780865,44.4127084474534],[26.0248160753809,44.4128434437791],[26.0249526148125,44.412847768066],[26.0247310076184,44.4126543491183],[26.0256083131047,44.4127623583673],[26.0257832150905,44.4129571591356],[26.0258644129107,44.4129518492369],[26.0257035560844,44.4127740850995],[26.026618056315,44.4128866661],[26.026715004297,44.4129801935028],[26.0268039896125,44.4129095529085],[26.0271496810967,44.4129521097588],[26.0272604703207,44.4130701716332],[26.027426142117,44.4129861386614],[26.028535373745,44.4131226782228],[26.0286914659071,44.4132853529338],[26.0294815943866,44.4134070691143],[26.029437993756,44.4133399377167],[26.0295961951623,44.4132532415342],[26.0299167086658,44.4132926917814],[26.0301020364988,44.4134674583667],[26.030879456512,44.4135410024999],[26.0308023487213,44.4134481272933],[26.0309924690663,44.4133446854726],[26.0310849479298,44.4134364629388],[26.0313790554556,44.4134726559257],[26.0315049246982,44.413600100569],[26.0316600619512,44.4136115486473],[26.0315374419149,44.4134921454844],[26.0329154306113,44.4136617062319],[26.033076698866,44.4138405495267],[26.0332389947934,44.4138689215954],[26.0331004089996,44.4137192205345],[26.0331627871146,44.413692143928],[26.0336516943097,44.4137522999595],[26.0338300440296,44.413928862486],[26.0339231041031,44.4139332624095],[26.0338275628828,44.4138475835115],[26.0339116290237,44.4138143860731],[26.033944113901,44.4138632742612],[26.0341918432052,44.4137702641739],[26.0343777738078,44.413930674559],[26.0344261319161,44.4139063354111],[26.0343573443216,44.4138391186029],[26.0355054200008,44.4139803602436],[26.035823174778,44.4124742464187],[26.0337802998207,44.4089184000917],[26.0322816251609,44.4065752504708],[26.0336315936069,44.4060937996003],[26.0367032156343,44.4101702462546],[26.0388901938379,44.4093004414601],[26.0391139471072,44.4096665651447],[26.0392719023752,44.4085109514911],[26.0452054940157,44.4074075610453],[26.0463018204463,44.4083187387722],[26.0467649971967,44.4085202039299],[26.0468417699158,44.4088346723909],[26.0464399606758,44.4097868097052],[26.0468268902215,44.410169337593],[26.0459580163225,44.4112863941598],[26.045838059791,44.4121238527018],[26.0455931511968,44.4130563203631],[26.0544184116521,44.415312597427],[26.0543918305028,44.4153585160749],[26.0556512317002,44.4158343551886],[26.0551113990117,44.416810891025],[26.0585337790216,44.4178522950046],[26.058910487536,44.418341490331],[26.0589521972129,44.4185113013645],[26.059281012048,44.4186190989697],[26.0591965740045,44.418807352434],[26.059245471102,44.4190745397172],[26.0594958513347,44.4190637041651],[26.0595056492595,44.4191308982861],[26.0595911428234,44.4191371302614],[26.0595677569816,44.4195569584291],[26.0597113347134,44.4210052653481],[26.0599391825038,44.4210082115351],[26.0599937039533,44.4211755536869],[26.0599834990917,44.4215664503426],[26.0597282275324,44.4218173435844],[26.0603534307156,44.4221614950438],[26.0600123943011,44.4225837029063],[26.0602667693418,44.4227421034485],[26.0603957611284,44.4239928370041],[26.0602800078142,44.4240045640504],[26.0600332675551,44.4242087017865],[26.0600968673789,44.424240612137],[26.0600610210058,44.4242806888285],[26.0602523639579,44.4243703955151],[26.060606311858,44.4254266718221],[26.0603549291055,44.4257647625862],[26.0604557281652,44.4258111124797],[26.0603797109292,44.4258906715424],[26.0604892577832,44.4260002653163],[26.0602602897937,44.4263914094207],[26.0602685911252,44.4264958854047],[26.0604872653199,44.4265607306815],[26.0603160805627,44.4267394838436],[26.0602929956565,44.42695132638],[26.0605165135672,44.4270401795893],[26.0603870501651,44.427207137524],[26.0606931672678,44.4274789233286],[26.0606046966871,44.4275470803214],[26.0608810238584,44.4277446217951],[26.0611155506228,44.4275817178719],[26.061660661812,44.4279892959821],[26.061432746648,44.4281415355422],[26.0615562712878,44.4283696673649],[26.0612606608806,44.428562564746],[26.0614315500921,44.4286854461781],[26.0613909857671,44.4289352189518],[26.0615965472535,44.4289870229619],[26.0619707755194,44.4286590045375],[26.0621753946732,44.4288057215559],[26.0617559820468,44.4291981901914],[26.0618280386107,44.4292851161256],[26.0613705562809,44.4293541370368],[26.0610843871673,44.4295104805534],[26.0611501061169,44.4295534333139],[26.0609966550017,44.4297062166374],[26.0611902814714,44.4298226993239],[26.0610241955517,44.4299638503946],[26.0607924355983,44.429824314607],[26.0603664706603,44.4303411541581],[26.0606054306107,44.4307576649399],[26.0603386210898,44.4308941354192],[26.0602846107817,44.4307693784408],[26.0602354361047,44.4308513587689],[26.0603036505741,44.4310584939701],[26.0599580776675,44.431106478007],[26.0598071166823,44.431493109156],[26.0599776079401,44.4315471669686],[26.0602275156588,44.4315105143261],[26.0609576815931,44.4321030837298],[26.0614831376439,44.4319184172082],[26.0619897506332,44.4325357090219],[26.0637780969379,44.4335865451498],[26.0653705287639,44.4337925320817],[26.0654428898567,44.4330070624515],[26.0669170485941,44.4332042070122],[26.0666797765781,44.4366597755859],[26.0695384206281,44.4377448284963],[26.06896306496,44.438190575531],[26.0695518270854,44.4387066310688],[26.0702322029968,44.4383415544633],[26.0700107044988,44.4381707215501],[26.0703189730667,44.4379776897565],[26.074808522888,44.4356780453662],[26.0751308905142,44.4358667762839],[26.0786684129839,44.4344959948865],[26.0787715162223,44.4346665903054],[26.0788520394078,44.4353399561376],[26.0786857639437,44.4354526405772],[26.0787884853981,44.4366318789646],[26.0796754899944,44.4365209805906],[26.0796676998043,44.4364498501685],[26.0801233657406,44.4364320032469],[26.0801463482388,44.4365698921265],[26.0803227207668,44.4365593349866],[26.0803619097711,44.4358364681543],[26.0811237152679,44.4357852179958],[26.0811428987908,44.4360252755316],[26.0813260176666,44.4360103302943],[26.0813267102677,44.436048171243],[26.0819781298842,44.4361234059935],[26.0823731307927,44.4360243165991],[26.0824135226411,44.4360935707277],[26.0823384683991,44.4361193650138],[26.082355198623,44.4362576497481],[26.0829180461491,44.436228558603],[26.0832828555792,44.4362834439617],[26.0837687309602,44.4352787831924],[26.0841492150937,44.4353915844909],[26.0842086988369,44.4352369205892],[26.0843247009845,44.4352696350513],[26.0844377279118,44.4350138463655],[26.0848660284696,44.4350882043209],[26.0848600798258,44.435225021326],[26.0852110480141,44.4353172269216],[26.0852586353679,44.4354272738327],[26.0860856989786,44.435123304368],[26.0863295942732,44.435138171577],[26.0864902076561,44.4352333510029],[26.0869393320605,44.4350400182932],[26.0869333816201,44.4348050458935],[26.0872665092668,44.4348139734521],[26.0873586809065,44.4348688421792],[26.0874746246636,44.4347919643686],[26.0876564867963,44.4348589146252],[26.0872978380123,44.4351183454236],[26.0876012179484,44.4354217209472],[26.0877439889931,44.435371753292],[26.0877761064595,44.4352825272461],[26.0879402942389,44.4352325549819],[26.0879081677894,44.4351361863321],[26.0881758585576,44.4350433884043],[26.0880402300177,44.4348256745941],[26.0882401015751,44.4347435798915],[26.0883793045115,44.4348863432012],[26.088529203688,44.4352040014908],[26.0888437676494,44.435324805466],[26.0889829651959,44.4350785288889],[26.0892078296812,44.435121359533],[26.0892363835308,44.4350000073495],[26.0894719487478,44.4350856661558],[26.0896820718793,44.4347149870336],[26.0898541163242,44.434724108321],[26.0895532597557,44.4350772363937],[26.0900598736434,44.435201360701],[26.0903142783285,44.4353301550262],[26.090545847839,44.4353268028918],[26.0906289033753,44.4352537595401],[26.0906667125673,44.4346908848907],[26.0915658578947,44.4347106714197],[26.0916629487089,44.4347597583012],[26.0918747337237,44.4347163064773],[26.0932525786896,44.4347385535637],[26.0935400970727,44.4347586062744],[26.0935275565913,44.4349544639743],[26.0938846216454,44.434972851438],[26.0938810499439,44.4350799285039],[26.0942986443801,44.4349157461122],[26.094383405817,44.4350408681975],[26.09471057943,44.4349129654759],[26.0947076095997,44.4348177900183],[26.0950288327723,44.4348148143796],[26.0950228841284,44.435076558395],[26.0952281150349,44.4351033242648],[26.095204318663,44.4353858834308],[26.0955609722887,44.4353632260733],[26.0955574032821,44.435163348582],[26.0966745589492,44.435191902093],[26.0975097496183,44.4351383614421],[26.0974920833499,44.4349464761443],[26.0982125519707,44.4349064715509],[26.0983016369991,44.4346727365959],[26.0981259930049,44.4346368094599],[26.0981103299796,44.4344663711077],[26.0974789436923,44.4344494780486],[26.0974572080556,44.4347815961323],[26.0972279014013,44.4347762048283],[26.0972434305776,44.4345450357644],[26.0970639444889,44.4345424295828],[26.0970664382121,44.4342566584679],[26.096944986884,44.4341985274108],[26.0969908863034,44.4339383555037],[26.0973769103473,44.433971690974],[26.097349388662,44.4338672822342],[26.0975682586894,44.4338885892784],[26.0976873204988,44.4339986857056],[26.0980380048194,44.4340299434905],[26.0979671789475,44.433793090144],[26.097689534846,44.4338613994951],[26.097539873723,44.4335629505726],[26.0969663344484,44.4336344193471],[26.0968818326246,44.4332305272855],[26.097680146553,44.4330532770275],[26.0972691475475,44.43228255314],[26.0962247221808,44.4326149952901],[26.0962793604113,44.432560121881],[26.0957177956794,44.431784123714],[26.0967238917296,44.4316318480969],[26.0966519600316,44.4314673962199],[26.0965292312991,44.4314930995339],[26.0964367030282,44.4312846604644],[26.0963879361864,44.4312936058806],[26.0963272307345,44.4310589712319],[26.0966217029762,44.4310087644227],[26.0965705196662,44.4309185034188],[26.0966341230833,44.4307939479183],[26.0965259425669,44.4308113173735],[26.0964713303875,44.4305376245285],[26.0962611183228,44.4304986003167],[26.0961288890079,44.4306283839135],[26.0959839395486,44.4306067889365],[26.0964323641654,44.4301877124006],[26.0963271858187,44.4299755595642],[26.0967186150257,44.4297486926231],[26.0965540265976,44.4295179726071],[26.0971535029294,44.4293917712425],[26.0997049860343,44.4292010384574],[26.099534453454,44.4288173815616],[26.098125272556,44.4289469013843],[26.0981820954893,44.4292293748467],[26.0967925670348,44.4293174855851],[26.0967220843193,44.4294045871126],[26.0962592552169,44.4295838620961],[26.0956276659103,44.4301867495234],[26.0953051455705,44.4300622354434],[26.0951678156214,44.4298531555501],[26.0949193065796,44.4298723888249],[26.0948778538208,44.4295433444827],[26.095018492265,44.429535357196],[26.0951587884512,44.4294049829175],[26.0951582889879,44.4292768086949],[26.0953202130128,44.4292843020616],[26.0953136112937,44.4291574144269],[26.0959016709366,44.4291726654886],[26.0958328285448,44.4288081483717],[26.0956605505379,44.42877058179],[26.0954343457662,44.428953633328],[26.0950587484679,44.428994487498],[26.0948016191925,44.4289409963386],[26.0947255821936,44.4290432949949],[26.0944300229904,44.429067630408],[26.0941764240941,44.429301918943],[26.0943491746148,44.4293090023879],[26.0943749338056,44.4295709795495],[26.0930881950774,44.4296086078421],[26.0930948138645,44.4293115125779],[26.093001816673,44.4293060104312],[26.0930529811183,44.4290357489941],[26.0937646606224,44.4292738751131],[26.0939078646551,44.4290981139708],[26.0941066923702,44.4291679773946],[26.094260376149,44.4290319872196],[26.0941096361494,44.4289774331228],[26.0944762413118,44.4286935060712],[26.0943652948826,44.4286449876021],[26.0945513826903,44.4284768675106],[26.0949070086433,44.4286286881792],[26.0949002820585,44.4285648279874],[26.095411331827,44.428171770681],[26.0944675572979,44.4277768965217],[26.0941241080086,44.4277158086799],[26.0937749427391,44.4276869140776],[26.0935844451016,44.4279576609633],[26.0932206121402,44.4278459621955],[26.0931409522358,44.4265419755403],[26.092725228092,44.4265565414885],[26.092365205784,44.4261933995445],[26.092060492748,44.4260153035702],[26.0916434292161,44.4258482280376],[26.0914151673024,44.4258315243073],[26.0913950153956,44.425107298142],[26.0916435864213,44.4248539214689],[26.091970673796,44.4248527108659],[26.0919532312082,44.4244333415847],[26.0918569713356,44.4244367039672],[26.0918523324354,44.4243881216586],[26.0910392951195,44.4244146005166],[26.0909184654256,44.4242242094787],[26.090750322364,44.4241325759722],[26.0903258692906,44.4240975206487],[26.0902855232562,44.4241912059072],[26.087702968324,44.4243717370052],[26.0875173700981,44.422853644519],[26.0882454842803,44.4228012955115],[26.0882074127802,44.4220446249738],[26.0888968796422,44.4219996162047],[26.088892494067,44.4218094508377],[26.0886471659596,44.4216293333482],[26.0886914969205,44.4203804040874],[26.0885935257573,44.4203975353963],[26.0881897321388,44.4201889925989],[26.0882070130299,44.4197556458629],[26.0877729030672,44.419461076577],[26.0876464615977,44.4194558827583],[26.0879716220861,44.4188029830331],[26.088326771932,44.4183626220982],[26.0886789052352,44.4180767314508],[26.0882169214475,44.4179609561683],[26.0886244466677,44.4177503553235],[26.0892726359425,44.417890080981],[26.0897115060779,44.4177972640117],[26.0900116610621,44.4173384665653],[26.088976705735,44.416824391072],[26.0898374660504,44.41607544238],[26.0904535162992,44.4164397443813],[26.0907066902924,44.416186890298],[26.0909108378305,44.4163099953709],[26.0911790325536,44.4160881283491],[26.0908722363245,44.4158926745468],[26.091222210976,44.415432325399],[26.0898158247369,44.414506437373],[26.0890243299198,44.4133492035084],[26.0880112135357,44.4129021184024],[26.0887779633599,44.412105501685],[26.0880025465898,44.41109495996],[26.0867821726999,44.4119122811317],[26.0855585235525,44.4108034054016],[26.0862181115498,44.4098130904692],[26.0867070061685,44.4094668455579],[26.0862824156528,44.4091349404328],[26.0865740698795,44.4089932436591],[26.0868396199623,44.4090120403665],[26.0869483143151,44.4088604575297],[26.0873230285695,44.4087027239959],[26.0880906506579,44.4093041403323],[26.0878972110379,44.4094514071073],[26.0880415747956,44.4097841369648],[26.0881318357187,44.4098348824333],[26.0885260362283,44.409861852376],[26.0889453985491,44.4106038424226],[26.0885787269114,44.4107195430745],[26.0887544068382,44.4109624840518],[26.0891021042605,44.4111338495343],[26.0897402117428,44.4113437914426],[26.0898514662941,44.4111637649194],[26.0905701876916,44.4114328198134],[26.090473086996,44.4115332824166],[26.0909361640334,44.4117590021172],[26.0914356722471,44.4111770044569],[26.0912218013443,44.4110824044563],[26.0913414829913,44.4109504425227],[26.0911585895927,44.410867025748],[26.092716566536,44.408892564924],[26.0931881425343,44.4091082730475],[26.0933931003529,44.4089193395755],[26.0931035490823,44.4087183975159],[26.093127951817,44.4086687663996],[26.0937198275032,44.4082187667059],[26.0940539352118,44.4084748626023],[26.0943333166551,44.4082865194018],[26.0942679507435,44.4082154945166],[26.0944262455746,44.4081214685687],[26.0942623470527,44.4079783055442],[26.0945734102794,44.4077667003673],[26.0942994717285,44.4074207231407],[26.0946156508607,44.40723027869],[26.0949071883064,44.4075133646999],[26.0950074537668,44.4074601035222],[26.0949436527204,44.407407381358],[26.0951400415095,44.407315337734],[26.0949176878154,44.4071030813558],[26.095078548235,44.4070147959522],[26.0947711088122,44.4066695522891],[26.0950130008637,44.4065402847336],[26.0948802837636,44.4064289191868],[26.0955343623933,44.4060852905718],[26.0958499468409,44.4057886135558],[26.0955514708079,44.4056397633218],[26.0956325392707,44.405589988406],[26.095467572652,44.4054845798064],[26.0957104079345,44.4052678417652],[26.0953396076397,44.4051514410732],[26.0955973765156,44.4046180958087],[26.0960174736582,44.4047540907904],[26.0963567376966,44.4042037143151],[26.0965136670885,44.4042561749555],[26.0962187358077,44.404843613727],[26.0964280046413,44.4049366964114],[26.0972702776281,44.4035559203945],[26.0972726545704,44.4032346071429],[26.0969823594948,44.4032250894521],[26.0968698095728,44.4034059182525],[26.0967170519571,44.4033909993313],[26.096632808848,44.4035290463787],[26.0956492829693,44.4033683109602],[26.0940302457395,44.4025597560295],[26.0948275966739,44.4017813366639],[26.0936287841474,44.4010282616685],[26.0929550171416,44.4003081305101],[26.0919926789272,44.3997837869593],[26.0921107678612,44.3997626407769],[26.0925180002306,44.399299919546],[26.0944238605475,44.4003580543291],[26.0967299266117,44.3998300740114],[26.0946178023258,44.3951696355532],[26.0941466215862,44.3952736262251],[26.0933441502547,44.3935433668843],[26.0933633337776,44.3934716860573],[26.0934781411659,44.3934434491626],[26.0933601878775,44.3931411524199],[26.0930076359594,44.3932214825602],[26.0929783320165,44.3931751716652],[26.0934829750004,44.3930656652883],[26.0921305757132,44.390291783959],[26.091921966243,44.3903483166239],[26.0917500206128,44.3900417864074],[26.091689652029,44.3900543496368],[26.0913448319106,44.3892939185837],[26.0916689296921,44.389182106156],[26.0911899228298,44.3880854646279],[26.0914172280377,44.3880400201569],[26.0908975499509,44.386905020998],[26.0915715505186,44.3869340641456],[26.0915671945879,44.3867863413836],[26.0911234088712,44.3858419179927],[26.0907083288194,44.3859278645289],[26.0904709040898,44.385372054411],[26.0909541905262,44.3852663281976],[26.09089120515,44.3850142959129],[26.0915217667839,44.3852133761045],[26.0915207768405,44.3851230302809],[26.0911616986618,44.3850180669392],[26.0904140973262,44.3837266438206],[26.0902635127351,44.3837311622179],[26.0896480616626,44.3833026756145],[26.0883289224988,44.3822144101136],[26.0877783288915,44.381554494018],[26.0878535609999,44.3809307444408],[26.0885773722519,44.3810844644078],[26.0900752285465,44.3815204063839],[26.090170431102,44.381378242104],[26.0904316144743,44.3814565506012],[26.0911635707509,44.3813766222725],[26.0911323138706,44.3812501269657],[26.0918513146442,44.3811486563773],[26.0913846659053,44.3793227014546],[26.0908920271085,44.3793926224218],[26.0907593279748,44.3789532784173],[26.0914216998512,44.3788608844126],[26.0913754581736,44.3786294621648],[26.0911158396666,44.3786655065418],[26.0910427006328,44.3784553080377],[26.0904668266368,44.3785388583464],[26.0903602226637,44.378130682602],[26.0910358114529,44.3780441563931],[26.0908719713215,44.3773639770804],[26.0905184429347,44.3774058265452],[26.0904254547264,44.3769763234732],[26.0905634826664,44.376963724049],[26.0904542592059,44.3765102675372],[26.0905789220112,44.3765023295096],[26.0903552217425,44.3756668472178],[26.090259520622,44.3756809673864],[26.0900220869093,44.3748108296312],[26.0902683726208,44.3747770623305],[26.090123846268,44.3742447205651],[26.0895778529333,44.3743308870315],[26.089450092737,44.3737891497219],[26.0896730896248,44.3737575784889],[26.0896291081084,44.3735952536162],[26.0900043487757,44.3735440477851],[26.0898359101683,44.3728942025629],[26.0892833986579,44.3729731690199],[26.0891061035602,44.3722891563892],[26.0895596809134,44.3722309534508],[26.0893707086153,44.3715672434811],[26.0886617069891,44.3716735421722],[26.0885097506706,44.3711935443226],[26.0880564473035,44.371261697562],[26.0878481279891,44.370425107288],[26.0888030865434,44.3702597371035],[26.0885546340954,44.3690837110738]]],[[[26.0890202515684,44.4339766949171],[26.0891130475373,44.4340873408991],[26.089366459584,44.4340587881312],[26.0894235690799,44.4343157695954],[26.089234403644,44.4343514640844],[26.089141598692,44.4342479553303],[26.0887739721451,44.4343871527785],[26.0887097309242,44.4343300475219],[26.0883563822004,44.434526352461],[26.088292131098,44.4344728144075],[26.0890202515684,44.4339766949171]]]]},"properties":{"OBJECTID":5,"ID":"05","NAME":"Municipiul Bucureşti","TOTPOP_CY":243140,"AREA":29.66,"Shape__Area":58105701.026367188,"Shape__Length":62137.953111787334}},{"type":"Feature","id":6,"geometry":{"type":"MultiPolygon","coordinates":[[[[26.0514207551085,44.461553153927],[26.04993545277,44.4599329833681],[26.0495317938988,44.4601289618471],[26.051041980469,44.4617982065191],[26.0514207551085,44.461553153927]]],[[[26.0160628193872,44.4117316287827],[26.0151288894953,44.4115876294828],[26.0153173542453,44.4107531760615],[26.0135765791248,44.4105237748604],[26.0134127515698,44.411142700496],[26.0099366720689,44.4106789835094],[26.0098770481885,44.4108467081597],[26.0083883888458,44.4106500041238],[26.0086941142831,44.4089780611311],[26.0097145573267,44.4091173765123],[26.0099073591428,44.4083937717755],[26.0088249781587,44.4082624076447],[26.0088720929987,44.4080047417787],[26.0087950085642,44.4079949996154],[26.00909400562,44.4065149991373],[26.0095960138452,44.4063699999794],[26.0095960129468,44.4060270057146],[26.0099266100394,44.4052502561471],[26.0033213965699,44.4016553013401],[26.0029100130856,44.4018206213626],[26.0024336607449,44.4034720675714],[25.9971065639735,44.4028201664314],[25.9963457951324,44.4059602175283],[25.9980110102594,44.4062640023725],[26.0000710080043,44.4064770010922],[26.0019800106281,44.407438997977],[26.0013403310941,44.4097624014526],[25.9955920807613,44.4090593083699],[25.9940985929739,44.408580674594],[25.9941117056821,44.4085317640216],[25.9916435422181,44.4078456634264],[25.9917101729577,44.4075886811013],[25.9909487420583,44.4074173572127],[25.9909011547044,44.4075934421588],[25.9896257608,44.4072841118689],[25.9891022837378,44.4072174810615],[25.9877555061077,44.4071794109558],[25.9876984011034,44.4072698337535],[25.9852475517683,44.4073079038003],[25.9856425445919,44.4066495855627],[25.9852094820648,44.4065068232384],[25.9851714132597,44.4065734445874],[25.9844337778338,44.4063592897818],[25.9844813687809,44.406278393682],[25.9839674066743,44.4061213475637],[25.9833535025007,44.407173070535],[25.9823160597386,44.4071254775685],[25.9816402885914,44.4070445825283],[25.9777712931718,44.4062403191146],[25.9763912015193,44.4058262924526],[25.9762888807135,44.4057510116458],[25.9759441531215,44.4063465323931],[25.976279944273,44.4063691535087],[25.9709017594131,44.4157805164046],[25.9703591715916,44.4170374706789],[25.9693441301178,44.4204829275276],[25.9691354020699,44.4204611016769],[25.9679866769088,44.4226793865241],[25.9670144671077,44.4307311100525],[25.9672362746261,44.4315183178807],[25.9673037812231,44.4320571705348],[25.967132442854,44.4339375575408],[25.9667735766778,44.4364574189447],[25.9671721600676,44.4364197001312],[25.9666289245608,44.4407002256378],[25.98730754053,44.4417824167946],[25.9929114486647,44.4420364602123],[26.0005759384491,44.4423049798896],[26.0003681599206,44.4433370015424],[26.0002189084294,44.4447664933137],[26.0012676115735,44.4448267886068],[26.0012497647438,44.4450409346461],[26.0035816367111,44.4451063686072],[26.0046167052259,44.4447375545524],[26.0042538388517,44.4439523308107],[26.0041051227564,44.4440058717229],[26.0037422518907,44.4433634153776],[26.0038539178703,44.4424742518413],[26.0095046821302,44.4428069906797],[26.0122862067113,44.4429224698356],[26.0127663176032,44.4430775854275],[26.0146167931895,44.4438696569735],[26.0191296498009,44.4459605140032],[26.0191627078033,44.4460505734877],[26.0190688823652,44.446363943549],[26.0194471207105,44.4484063272375],[26.0191273501137,44.4486767049453],[26.018469923463,44.4490559919392],[26.0179018746914,44.4496379677998],[26.0174053048669,44.4493122847618],[26.0172186753751,44.4492581555282],[26.0167660825753,44.4491640993885],[26.0159307526674,44.4490928464824],[26.0156972939998,44.4491471669714],[26.0147403061512,44.449606014242],[26.0146228370548,44.4498049137607],[26.0145568540005,44.4502413184602],[26.0148153379353,44.4509190423786],[26.0141681799265,44.4512636156491],[26.0137416966605,44.4516836093674],[26.0135035892113,44.452075451753],[26.013313980906,44.4527493396349],[26.013163108854,44.4541587275163],[26.0158513326131,44.4553673233764],[26.0135738455514,44.4578720011998],[26.013091886825,44.4580671299742],[26.0119649296399,44.45820977538],[26.010654286742,44.4581255713399],[26.009719983151,44.4578973934645],[26.0084674666419,44.4578845415253],[26.0065120202197,44.4583228651784],[26.0057808733251,44.4585895435426],[26.0043394779427,44.4593992324743],[26.0031172652014,44.4598636023369],[26.0018274479468,44.4604467784635],[25.9994987335577,44.4611634813152],[25.9968943226146,44.4618695221434],[25.9925723876455,44.4632063912314],[25.98716030396,44.4650846223745],[25.9849728235982,44.4659217903829],[25.9832596824524,44.466510453362],[25.9829101713316,44.4667279022848],[25.9820532414326,44.4670156769491],[25.980866928065,44.4668587433371],[25.9796905967769,44.4665457454492],[25.9793790574431,44.4664150985876],[25.9783410792851,44.4657900971324],[25.9779984762088,44.4659292905898],[25.9778186703199,44.4658276360667],[25.9774471352032,44.4660265181611],[25.9759820934676,44.4655579833528],[25.9759143236642,44.4663784716655],[25.9772415395807,44.4671230421117],[25.9770599065185,44.467378404287],[25.9763081900005,44.4675814981219],[25.9794407618216,44.4702318040693],[25.9795765763128,44.4704152199606],[25.9799039960642,44.4701696682621],[25.9829513878335,44.4727354243627],[25.9863119637518,44.4757322577375],[25.9882269671216,44.4773542735968],[25.9891319577866,44.4779244236212],[25.9904276060057,44.4785370444824],[25.9920214652548,44.47900230943],[25.9931653826325,44.4791582015308],[25.9987009469403,44.4796348056568],[26.000510531215,44.4796281372383],[26.0016800820194,44.4795222750301],[26.0026953723265,44.4793621286316],[26.0039823311419,44.4790603183459],[26.0038423502645,44.4769072479861],[26.0051169482615,44.4763170733014],[26.00516222964,44.4786611854051],[26.0111526451122,44.4765094265087],[26.0182991124049,44.4742065453758],[26.0188155870995,44.474927271434],[26.0192949838306,44.4748933632049],[26.0203091126161,44.4743234880419],[26.0211268804603,44.4737876950476],[26.0205280616952,44.4731626943314],[26.0209582918343,44.4729358950888],[26.0201267007145,44.4721346195951],[26.0207732442756,44.471731461022],[26.0215481220566,44.472610229809],[26.0234843553115,44.4715998545981],[26.0227842568881,44.4708511533184],[26.0240140226643,44.4704374585807],[26.0240440686156,44.4704677115777],[26.0244639681289,44.4701794917345],[26.0250868141328,44.4698950424329],[26.0255886346101,44.4697379018085],[26.0256680456812,44.4698207339096],[26.0259185570678,44.4697967712561],[26.0272835471421,44.4693375864509],[26.0276518357473,44.4700268789929],[26.0287380417579,44.4709817703787],[26.0292669706955,44.4708512975533],[26.0293137271077,44.4709067824509],[26.0295292077916,44.4708533347911],[26.0293151132082,44.4703104192841],[26.0282822141249,44.4686062823229],[26.0284277492857,44.4685565353723],[26.0286636962867,44.4689425494413],[26.0358606417119,44.4667308000084],[26.0374510047178,44.4659212274986],[26.0386844589766,44.4652140515482],[26.0410606825661,44.4640171053988],[26.0415213575085,44.4639532563149],[26.0415686708762,44.4640071026581],[26.0420780039641,44.4636367301337],[26.04277756789,44.4632417423764],[26.0436582726013,44.4628392449325],[26.0436017443154,44.4627811],[26.044307191308,44.4624545490696],[26.0445828474378,44.4627436559177],[26.0453198791958,44.4623954914162],[26.045987621201,44.4630312155701],[26.0468771311987,44.462524978484],[26.0460989997198,44.4616875514668],[26.0460070921848,44.4617530078121],[26.0458317994318,44.4615764954887],[26.046030587621,44.4614499100732],[26.0471495390204,44.4608509420907],[26.0472206523532,44.4609217812131],[26.0478464771706,44.460628624135],[26.0477956217458,44.4605511063645],[26.0489192488762,44.4600014910527],[26.0489742392463,44.4600603010743],[26.0494669669763,44.4598255716409],[26.0495042461622,44.4598549203252],[26.0498800626496,44.4596566596544],[26.049818389712,44.459583873053],[26.0501471955639,44.459419969184],[26.0510608720394,44.4589806304525],[26.0511313367886,44.4590626962282],[26.0526221916139,44.4583017638878],[26.0528898841787,44.4585480355435],[26.05326873787,44.4583547024015],[26.0533463819549,44.4584588904163],[26.0536806271059,44.4582934298056],[26.0537655646126,44.4579953230458],[26.0540271315654,44.4578786381216],[26.0539918699956,44.4578352714573],[26.0542030019352,44.4577930294035],[26.0541711135392,44.4577346197643],[26.0551313281363,44.4572524174146],[26.0560455346178,44.4584392529896],[26.0610489279681,44.4550570704856],[26.0661457353282,44.4514950148282],[26.0679860833081,44.4504035711759],[26.0675807544688,44.4500547944211],[26.0669097407993,44.4501785258752],[26.0664576492595,44.4501880442604],[26.0660769360556,44.4501309339257],[26.0655772499754,44.4499643710956],[26.0656248382276,44.4499167841018],[26.0647515778551,44.4494492204433],[26.0640496306988,44.4489935546338],[26.0636689219864,44.4485176622156],[26.0635785038582,44.4482416410409],[26.0633450838181,44.4481090210006],[26.0630232991985,44.4482021855186],[26.0628481178366,44.4483115662292],[26.0625097000112,44.4490477751749],[26.061065789346,44.4486747073346],[26.0613370500191,44.4480750818011],[26.0597570913008,44.4477181652547],[26.0600806950088,44.4467568611854],[26.062293591405,44.4472993768871],[26.0640560527548,44.4479290384231],[26.0644505991158,44.4478246841226],[26.0646708929729,44.4476720264069],[26.0649844921436,44.4478755665189],[26.0650918408201,44.4475991889539],[26.0652488860947,44.4474849747093],[26.0652991504281,44.4475227485857],[26.0655698128232,44.4473264443418],[26.0657734016093,44.4473637848006],[26.0661611567067,44.4468984125731],[26.06954728161,44.4443675818423],[26.0696781508756,44.4442902534846],[26.0698804074601,44.4447512694094],[26.0702284013265,44.4446085032661],[26.069904203832,44.444135588766],[26.0705502236753,44.443735835394],[26.0712105222401,44.4431481087621],[26.0714677278722,44.4427696812997],[26.0713011658455,44.4426364267227],[26.0726146294533,44.4405187091484],[26.0728065239711,44.4403224243398],[26.072399637453,44.4400154735378],[26.0727708303116,44.4397870453148],[26.0727351402453,44.4395015063751],[26.0746811238144,44.4381099306378],[26.0737536330465,44.4374823479066],[26.07143814096,44.4389840435841],[26.0711026381677,44.4387770249864],[26.0709631082445,44.4388927468586],[26.0706689108873,44.4387050557978],[26.0670266241942,44.4407686346655],[26.0667981951938,44.4405473427801],[26.0666340092111,44.4403760224545],[26.0683829194747,44.439333818382],[26.0695518270854,44.4387066310688],[26.06896306496,44.438190575531],[26.0695384206281,44.4377448284963],[26.0666797765781,44.4366597755859],[26.0669170485941,44.4332042070122],[26.0654428898567,44.4330070624515],[26.0653705287639,44.4337925320817],[26.0637780969379,44.4335865451498],[26.0619897506332,44.4325357090219],[26.0614831376439,44.4319184172082],[26.0609576815931,44.4321030837298],[26.0602275156588,44.4315105143261],[26.0599776079401,44.4315471669686],[26.0598071166823,44.431493109156],[26.0599580776675,44.431106478007],[26.0603036505741,44.4310584939701],[26.0602354361047,44.4308513587689],[26.0602846107817,44.4307693784408],[26.0603386210898,44.4308941354192],[26.0606054306107,44.4307576649399],[26.0603664706603,44.4303411541581],[26.0607924355983,44.429824314607],[26.0610241955517,44.4299638503946],[26.0611902814714,44.4298226993239],[26.0609966550017,44.4297062166374],[26.0611501061169,44.4295534333139],[26.0610843871673,44.4295104805534],[26.0613705562809,44.4293541370368],[26.0618280386107,44.4292851161256],[26.0617559820468,44.4291981901914],[26.0621753946732,44.4288057215559],[26.0619707755194,44.4286590045375],[26.0615965472535,44.4289870229619],[26.0613909857671,44.4289352189518],[26.0614315500921,44.4286854461781],[26.0612606608806,44.428562564746],[26.0615562712878,44.4283696673649],[26.061432746648,44.4281415355422],[26.061660661812,44.4279892959821],[26.0611155506228,44.4275817178719],[26.0608810238584,44.4277446217951],[26.0606046966871,44.4275470803214],[26.0606931672678,44.4274789233286],[26.0603870501651,44.427207137524],[26.0605165135672,44.4270401795893],[26.0602929956565,44.42695132638],[26.0603160805627,44.4267394838436],[26.0604872653199,44.4265607306815],[26.0602685911252,44.4264958854047],[26.0602602897937,44.4263914094207],[26.0604892577832,44.4260002653163],[26.0603797109292,44.4258906715424],[26.0604557281652,44.4258111124797],[26.0603549291055,44.4257647625862],[26.060606311858,44.4254266718221],[26.0602523639579,44.4243703955151],[26.0600610210058,44.4242806888285],[26.0600968673789,44.424240612137],[26.0600332675551,44.4242087017865],[26.0602800078142,44.4240045640504],[26.0603957611284,44.4239928370041],[26.0602667693418,44.4227421034485],[26.0600123943011,44.4225837029063],[26.0603534307156,44.4221614950438],[26.0597282275324,44.4218173435844],[26.0599834990917,44.4215664503426],[26.0599937039533,44.4211755536869],[26.0599391825038,44.4210082115351],[26.0597113347134,44.4210052653481],[26.0595677569816,44.4195569584291],[26.0595911428234,44.4191371302614],[26.0595056492595,44.4191308982861],[26.0594958513347,44.4190637041651],[26.059245471102,44.4190745397172],[26.0591965740045,44.418807352434],[26.059281012048,44.4186190989697],[26.0589521972129,44.4185113013645],[26.058910487536,44.418341490331],[26.0585337790216,44.4178522950046],[26.0551113990117,44.416810891025],[26.0556512317002,44.4158343551886],[26.0543918305028,44.4153585160749],[26.0544184116521,44.415312597427],[26.0455931511968,44.4130563203631],[26.045838059791,44.4121238527018],[26.0459580163225,44.4112863941598],[26.0468268902215,44.410169337593],[26.0464399606758,44.4097868097052],[26.0468417699158,44.4088346723909],[26.0467649971967,44.4085202039299],[26.0463018204463,44.4083187387722],[26.0452054940157,44.4074075610453],[26.0392719023752,44.4085109514911],[26.0391139471072,44.4096665651447],[26.0388901938379,44.4093004414601],[26.0367032156343,44.4101702462546],[26.0336315936069,44.4060937996003],[26.0322816251609,44.4065752504708],[26.0337802998207,44.4089184000917],[26.035823174778,44.4124742464187],[26.0355054200008,44.4139803602436],[26.0343573443216,44.4138391186029],[26.0344261319161,44.4139063354111],[26.0343777738078,44.413930674559],[26.0341918432052,44.4137702641739],[26.033944113901,44.4138632742612],[26.0339116290237,44.4138143860731],[26.0338275628828,44.4138475835115],[26.0339231041031,44.4139332624095],[26.0338300440296,44.413928862486],[26.0336516943097,44.4137522999595],[26.0331627871146,44.413692143928],[26.0331004089996,44.4137192205345],[26.0332389947934,44.4138689215954],[26.033076698866,44.4138405495267],[26.0329154306113,44.4136617062319],[26.0315374419149,44.4134921454844],[26.0316600619512,44.4136115486473],[26.0315049246982,44.413600100569],[26.0313790554556,44.4134726559257],[26.0310849479298,44.4134364629388],[26.0309924690663,44.4133446854726],[26.0308023487213,44.4134481272933],[26.030879456512,44.4135410024999],[26.0301020364988,44.4134674583667],[26.0299167086658,44.4132926917814],[26.0295961951623,44.4132532415342],[26.029437993756,44.4133399377167],[26.0294815943866,44.4134070691143],[26.0286914659071,44.4132853529338],[26.028535373745,44.4131226782228],[26.027426142117,44.4129861386614],[26.0272604703207,44.4130701716332],[26.0271496810967,44.4129521097588],[26.0268039896125,44.4129095529085],[26.026715004297,44.4129801935028],[26.026618056315,44.4128866661],[26.0257035560844,44.4127740850995],[26.0258644129107,44.4129518492369],[26.0257832150905,44.4129571591356],[26.0256083131047,44.4127623583673],[26.0247310076184,44.4126543491183],[26.0249526148125,44.412847768066],[26.0248160753809,44.4128434437791],[26.0247005780865,44.4127084474534],[26.0246095796465,44.4127453570079],[26.0244786340242,44.4126232724073],[26.023499662604,44.4125027352951],[26.0228586032577,44.4122542360039],[26.0223192817105,44.4119578527282],[26.0222470077544,44.4124914275286],[26.0220248427065,44.412461047601],[26.0220352407059,44.4121691007227],[26.0219144217917,44.4121731093488],[26.0216792644099,44.4119211813857],[26.0213324132006,44.4120863909024],[26.0212198408208,44.4119727123542],[26.0212880121711,44.411656001361],[26.0204660060754,44.4111759995561],[26.0201030085472,44.4113590022329],[26.0197875453723,44.4110292190406],[26.0194606340673,44.4111926824474],[26.0190183745883,44.4107441530643],[26.0188996676134,44.410818290989],[26.018779010396,44.4106950004533],[26.017458804932,44.4116463271836],[26.0173095992549,44.4114456274285],[26.0166654766534,44.4118081063487],[26.0160628193872,44.4117316287827]]],[[[26.0148124354786,44.4704648012187],[26.0157612064373,44.4712670163244],[26.0167363160001,44.471922980618],[26.0166737519338,44.4719638893586],[26.0175212522173,44.4726360105347],[26.017474478737,44.4726664085457],[26.0173241995732,44.4727008462723],[26.0167399299225,44.4730245315762],[26.0166348144579,44.4729450206647],[26.0160046570658,44.4732278096087],[26.0157107211183,44.4728101778908],[26.0150151969163,44.4730899431586],[26.0130285241565,44.4714921425358],[26.0147492282186,44.4705775711151],[26.0146935281794,44.4705270713317],[26.0148124354786,44.4704648012187]]]]},"properties":{"OBJECTID":6,"ID":"06","NAME":"Municipiul Bucureşti","TOTPOP_CY":317582,"AREA":41.65,"Shape__Area":81706272.563476563,"Shape__Length":67156.884229625444}}]}